id|query|createdAt|updatedAt|UserId
89|dapang|2020-08-29 21:05:17.668+00|2020-08-29 21:05:17.668+00|1981
90|dapang|2020-09-01 20:31:20.608+00|2020-09-01 20:31:20.608+00|1981
91|""|2020-09-01 20:31:23.036+00|2020-09-01 20:31:23.036+00|1981
92|""|2020-09-01 20:32:47.061+00|2020-09-01 20:32:47.061+00|1981
93|football|2020-09-03 02:02:42.394+00|2020-09-03 02:02:42.394+00|2341
94|survey|2020-09-03 02:35:57.369+00|2020-09-03 02:35:57.369+00|2350
95|""|2020-09-03 02:36:00.066+00|2020-09-03 02:36:00.066+00|2350
96|""|2020-09-03 02:37:44.547+00|2020-09-03 02:37:44.547+00|2622
97|covid|2020-09-03 02:38:02.811+00|2020-09-03 02:38:02.811+00|2622
98|covid|2020-09-03 02:39:47.785+00|2020-09-03 02:39:47.785+00|2622
99|""|2020-09-03 02:43:47.439+00|2020-09-03 02:43:47.439+00|2350
100|election|2020-09-03 03:34:29.267+00|2020-09-03 03:34:29.267+00|2326
101|vote|2020-09-03 03:34:37.612+00|2020-09-03 03:34:37.612+00|2326
102|covid|2020-09-03 03:50:58.203+00|2020-09-03 03:50:58.203+00|2321
103|questions|2020-09-03 03:51:08.868+00|2020-09-03 03:51:08.868+00|2321
104|survey|2020-09-03 03:51:14.376+00|2020-09-03 03:51:14.376+00|2321
105|""|2020-09-03 04:03:00.205+00|2020-09-03 04:03:00.205+00|2618
106|malik_3915|2020-09-03 05:48:08.504+00|2020-09-03 05:48:08.504+00|2540
107|willie|2020-09-03 06:17:43.441+00|2020-09-03 06:17:43.441+00|2444
108|""|2020-09-03 06:18:41.205+00|2020-09-03 06:18:41.205+00|2293
109|Nuclear|2020-09-03 06:19:14.445+00|2020-09-03 06:19:14.445+00|2293
110|Energy|2020-09-03 06:19:23.711+00|2020-09-03 06:19:23.711+00|2293
111|Environment|2020-09-03 06:19:53.053+00|2020-09-03 06:19:53.053+00|2293
112|amy|2020-09-03 06:24:55.7+00|2020-09-03 06:24:55.7+00|2541
113|amy|2020-09-03 06:25:20.298+00|2020-09-03 06:25:20.298+00|2541
114|asia|2020-09-03 10:23:06.507+00|2020-09-03 10:23:06.507+00|1976
115|asia 4096|2020-09-03 11:04:37.071+00|2020-09-03 11:04:37.071+00|1976
116|survey|2020-09-03 11:06:21.532+00|2020-09-03 11:06:21.532+00|2750
117|asia|2020-09-03 11:06:36.862+00|2020-09-03 11:06:36.862+00|1976
118|trending|2020-09-03 11:10:59.034+00|2020-09-03 11:10:59.034+00|2333
119|Trump|2020-09-03 11:11:03.683+00|2020-09-03 11:11:03.683+00|2333
120|covid|2020-09-03 11:11:12.115+00|2020-09-03 11:11:12.115+00|2333
121|mask|2020-09-03 11:11:22.732+00|2020-09-03 11:11:22.732+00|2333
122|economy|2020-09-03 11:11:33.263+00|2020-09-03 11:11:33.263+00|2333
123|China|2020-09-03 11:11:39.076+00|2020-09-03 11:11:39.076+00|2333
124|USA|2020-09-03 11:11:43.436+00|2020-09-03 11:11:43.436+00|2333
125|survey|2020-09-03 11:25:20.432+00|2020-09-03 11:25:20.432+00|2702
126|covid|2020-09-03 11:25:23.694+00|2020-09-03 11:25:23.694+00|2702
127|mandate|2020-09-03 11:25:37.61+00|2020-09-03 11:25:37.61+00|2702
128|""|2020-09-03 11:25:39.516+00|2020-09-03 11:25:39.516+00|2702
129|jamal_8048|2020-09-03 11:58:50.486+00|2020-09-03 11:58:50.486+00|2541
130|""|2020-09-03 12:11:45.505+00|2020-09-03 12:11:45.505+00|2687
131|malik_3915|2020-09-03 12:19:42.899+00|2020-09-03 12:19:42.899+00|2544
132|scott_2906|2020-09-03 12:20:06.181+00|2020-09-03 12:20:06.181+00|2544
133|amy_7578|2020-09-03 12:20:28.585+00|2020-09-03 12:20:28.585+00|2544
134|malik_1436|2020-09-03 12:33:22.233+00|2020-09-03 12:33:22.233+00|2544
135|willi_6658|2020-09-03 12:33:41.421+00|2020-09-03 12:33:41.421+00|2544
136|willie_6658|2020-09-03 12:33:48.932+00|2020-09-03 12:33:48.932+00|2544
137|willie_6658|2020-09-03 12:34:05.898+00|2020-09-03 12:34:05.898+00|2540
138|willie_6658|2020-09-03 12:34:13.838+00|2020-09-03 12:34:13.838+00|2541
139|willie_6658|2020-09-03 12:34:24.855+00|2020-09-03 12:34:24.855+00|2542
140|Malik_1436|2020-09-03 12:34:39.902+00|2020-09-03 12:34:39.902+00|2544
141|Malik_1436|2020-09-03 12:34:48.826+00|2020-09-03 12:34:48.826+00|2543
142|Malik_1436|2020-09-03 12:34:58.847+00|2020-09-03 12:34:58.847+00|2540
143|Malik_1436|2020-09-03 12:35:33.893+00|2020-09-03 12:35:33.893+00|2545
144|Jamal_8048|2020-09-03 12:36:30.59+00|2020-09-03 12:36:30.59+00|2543
145|Jamal_8048|2020-09-03 12:36:50.883+00|2020-09-03 12:36:50.883+00|2540
146|Jamal_8048|2020-09-03 12:37:04.962+00|2020-09-03 12:37:04.962+00|2541
147|Jamal_8048|2020-09-03 12:37:21.881+00|2020-09-03 12:37:21.881+00|2542
148|Jamal_8048|2020-09-03 12:37:34.905+00|2020-09-03 12:37:34.905+00|2545
149|covid|2020-09-03 12:52:45.023+00|2020-09-03 12:52:45.023+00|1976
150|covid|2020-09-03 12:53:06.736+00|2020-09-03 12:53:06.736+00|2337
151|covid19|2020-09-03 12:53:11.312+00|2020-09-03 12:53:11.312+00|1976
152|covid19|2020-09-03 12:53:15.805+00|2020-09-03 12:53:15.805+00|1976
153|covid|2020-09-03 12:53:22.957+00|2020-09-03 12:53:22.957+00|1976
154|vote|2020-09-03 12:57:55.46+00|2020-09-03 12:57:55.46+00|2326
155|vote|2020-09-03 13:01:56.454+00|2020-09-03 13:01:56.454+00|2326
156|covid|2020-09-03 13:04:14.006+00|2020-09-03 13:04:14.006+00|2326
157|corona|2020-09-03 13:06:31.13+00|2020-09-03 13:06:31.13+00|2326
158|immigration|2020-09-03 13:08:51.654+00|2020-09-03 13:08:51.654+00|2285
159|dump trump|2020-09-03 13:09:08.257+00|2020-09-03 13:09:08.257+00|2285
160|BLM|2020-09-03 13:09:23.689+00|2020-09-03 13:09:23.689+00|2285
161|covid|2020-09-03 13:09:35.806+00|2020-09-03 13:09:35.806+00|1976
162|covid|2020-09-03 13:10:02.215+00|2020-09-03 13:10:02.215+00|1976
163|trump|2020-09-03 13:14:45.731+00|2020-09-03 13:14:45.731+00|2326
164|president|2020-09-03 13:15:00.164+00|2020-09-03 13:15:00.164+00|2326
165|covid|2020-09-03 13:15:09.599+00|2020-09-03 13:15:09.599+00|2326
166|""|2020-09-03 13:15:40.307+00|2020-09-03 13:15:40.307+00|2358
167|covid|2020-09-03 13:16:14.559+00|2020-09-03 13:16:14.559+00|2326
168|covid|2020-09-03 13:17:30.05+00|2020-09-03 13:17:30.05+00|2326
169|""|2020-09-03 13:19:22.483+00|2020-09-03 13:19:22.483+00|2358
170|covid|2020-09-03 13:19:53.988+00|2020-09-03 13:19:53.988+00|2326
171|covid|2020-09-03 13:22:04.58+00|2020-09-03 13:22:04.58+00|2326
172|SURVEY|2020-09-03 13:22:18.281+00|2020-09-03 13:22:18.281+00|2358
173|jacob|2020-09-03 13:28:08.756+00|2020-09-03 13:28:08.756+00|2559
174|jacob|2020-09-03 13:29:34.437+00|2020-09-03 13:29:34.437+00|2559
175|jacob|2020-09-03 13:32:10.272+00|2020-09-03 13:32:10.272+00|2559
176|jacob|2020-09-03 13:32:27.993+00|2020-09-03 13:32:27.993+00|2559
177|jacob|2020-09-03 13:32:44.882+00|2020-09-03 13:32:44.882+00|2559
178|jacob|2020-09-03 13:32:59.497+00|2020-09-03 13:32:59.497+00|2559
179|emily|2020-09-03 13:35:13.512+00|2020-09-03 13:35:13.512+00|2559
180|emily|2020-09-03 13:35:24.767+00|2020-09-03 13:35:24.767+00|2559
181|emily|2020-09-03 13:35:29.009+00|2020-09-03 13:35:29.009+00|2559
182|emily|2020-09-03 13:35:33.679+00|2020-09-03 13:35:33.679+00|2559
183|emily|2020-09-03 13:36:50.709+00|2020-09-03 13:36:50.709+00|2559
184|emily|2020-09-03 13:36:55.537+00|2020-09-03 13:36:55.537+00|2559
185|emily|2020-09-03 13:36:59.175+00|2020-09-03 13:36:59.175+00|2559
186|emily|2020-09-03 13:37:01.531+00|2020-09-03 13:37:01.531+00|2559
187|emily|2020-09-03 13:37:03.609+00|2020-09-03 13:37:03.609+00|2559
188|emily|2020-09-03 13:37:08.655+00|2020-09-03 13:37:08.655+00|2559
189|emily|2020-09-03 13:37:12.457+00|2020-09-03 13:37:12.457+00|2559
190|emily|2020-09-03 13:37:16.455+00|2020-09-03 13:37:16.455+00|2559
191|emily|2020-09-03 13:37:24.62+00|2020-09-03 13:37:24.62+00|2559
192|jack|2020-09-03 13:39:09.194+00|2020-09-03 13:39:09.194+00|2559
193|jack|2020-09-03 13:39:18.656+00|2020-09-03 13:39:18.656+00|2559
194|jack|2020-09-03 13:39:27.194+00|2020-09-03 13:39:27.194+00|2559
195|jack|2020-09-03 13:39:36.582+00|2020-09-03 13:39:36.582+00|2559
196|climate change|2020-09-03 13:40:10.684+00|2020-09-03 13:40:10.684+00|2623
197|jacob|2020-09-03 13:40:33.464+00|2020-09-03 13:40:33.464+00|2559
198|jacob|2020-09-03 13:40:49.073+00|2020-09-03 13:40:49.073+00|2559
199|jacob 7601|2020-09-03 13:40:59.11+00|2020-09-03 13:40:59.11+00|2559
200|jacob 7601|2020-09-03 13:41:02.566+00|2020-09-03 13:41:02.566+00|2559
201|jacob|2020-09-03 13:41:14.75+00|2020-09-03 13:41:14.75+00|2559
202|jacob|2020-09-03 13:45:39.764+00|2020-09-03 13:45:39.764+00|2560
203|kathryn|2020-09-03 13:48:09.66+00|2020-09-03 13:48:09.66+00|2560
204|covid|2020-09-03 13:48:17.949+00|2020-09-03 13:48:17.949+00|1976
205|""|2020-09-03 13:48:37.65+00|2020-09-03 13:48:37.65+00|2703
206|emily|2020-09-03 13:49:52.766+00|2020-09-03 13:49:52.766+00|2560
207|emily|2020-09-03 13:50:03.432+00|2020-09-03 13:50:03.432+00|2560
208|emily|2020-09-03 13:50:10.679+00|2020-09-03 13:50:10.679+00|2560
209|emily|2020-09-03 13:50:16.244+00|2020-09-03 13:50:16.244+00|2560
210|emily|2020-09-03 13:50:19.752+00|2020-09-03 13:50:19.752+00|2560
212|emily|2020-09-03 13:50:27.45+00|2020-09-03 13:50:27.45+00|2560
211|emily|2020-09-03 13:50:24.046+00|2020-09-03 13:50:24.046+00|2560
213|""|2020-09-03 13:55:27.892+00|2020-09-03 13:55:27.892+00|2683
214|gmo|2020-09-03 13:56:40.289+00|2020-09-03 13:56:40.289+00|2683
215|jacob|2020-09-03 14:00:10.645+00|2020-09-03 14:00:10.645+00|2561
216|gmo|2020-09-03 14:01:36.467+00|2020-09-03 14:01:36.467+00|2683
217|kathryn|2020-09-03 14:01:51.226+00|2020-09-03 14:01:51.226+00|2561
218|jack|2020-09-03 14:02:49.034+00|2020-09-03 14:02:49.034+00|2561
219|jack|2020-09-03 14:04:49.703+00|2020-09-03 14:04:49.703+00|2561
220|jacob|2020-09-03 14:05:21.169+00|2020-09-03 14:05:21.169+00|2561
221|gmo|2020-09-03 14:07:23.313+00|2020-09-03 14:07:23.313+00|2683
222|government|2020-09-03 14:08:12.618+00|2020-09-03 14:08:12.618+00|2703
223|gmo|2020-09-03 14:25:03.238+00|2020-09-03 14:25:03.238+00|2735
224|""|2020-09-03 14:29:57.996+00|2020-09-03 14:29:57.996+00|2564
225|environment|2020-09-03 14:38:08.12+00|2020-09-03 14:38:08.12+00|2627
226|world|2020-09-03 14:39:02.153+00|2020-09-03 14:39:02.153+00|2627
227|covid|2020-09-03 14:39:09.322+00|2020-09-03 14:39:09.322+00|2627
228|korea|2020-09-03 14:40:55.133+00|2020-09-03 14:40:55.133+00|2627
229|war|2020-09-03 14:40:58.726+00|2020-09-03 14:40:58.726+00|2627
230|UN|2020-09-03 14:41:02.773+00|2020-09-03 14:41:02.773+00|2627
231|nuclear|2020-09-03 14:41:30.151+00|2020-09-03 14:41:30.151+00|2627
232|tax|2020-09-03 14:43:00.07+00|2020-09-03 14:43:00.07+00|2627
233|gmo|2020-09-03 14:43:14.048+00|2020-09-03 14:43:14.048+00|2627
234|world|2020-09-03 14:43:51.106+00|2020-09-03 14:43:51.106+00|2627
235|life|2020-09-03 14:45:46.671+00|2020-09-03 14:45:46.671+00|2691
236|life|2020-09-03 14:45:50.334+00|2020-09-03 14:45:50.334+00|2691
237|trump|2020-09-03 14:45:52.484+00|2020-09-03 14:45:52.484+00|2691
238|podt|2020-09-03 14:46:02.08+00|2020-09-03 14:46:02.08+00|2691
239|post|2020-09-03 14:46:02.961+00|2020-09-03 14:46:02.961+00|2691
240|post|2020-09-03 14:46:04.524+00|2020-09-03 14:46:04.524+00|2691
241|medicare|2020-09-03 14:46:17.933+00|2020-09-03 14:46:17.933+00|2627
242|foreign|2020-09-03 14:46:31.186+00|2020-09-03 14:46:31.186+00|2627
243|jack|2020-09-03 14:49:10.381+00|2020-09-03 14:49:10.381+00|2627
244|china|2020-09-03 14:49:47.693+00|2020-09-03 14:49:47.693+00|2627
245|europe|2020-09-03 14:49:54.45+00|2020-09-03 14:49:54.45+00|2627
246|energy|2020-09-03 14:49:59.398+00|2020-09-03 14:49:59.398+00|2627
247|Asia|2020-09-03 14:50:30.442+00|2020-09-03 14:50:30.442+00|2638
248|economy|2020-09-03 14:51:22.988+00|2020-09-03 14:51:22.988+00|2627
249|covid|2020-09-03 14:51:40.649+00|2020-09-03 14:51:40.649+00|2750
250|""|2020-09-03 14:52:04.99+00|2020-09-03 14:52:04.99+00|2577
251|covid|2020-09-03 14:56:43.778+00|2020-09-03 14:56:43.778+00|1976
252|nuclear energy|2020-09-03 14:57:11.55+00|2020-09-03 14:57:11.55+00|2577
253|Molly_5679|2020-09-03 14:57:16.239+00|2020-09-03 14:57:16.239+00|2528
254|Molly_5679|2020-09-03 14:58:58.634+00|2020-09-03 14:58:58.634+00|2529
255|Dow|2020-09-03 14:59:52.6+00|2020-09-03 14:59:52.6+00|2638
256|Dow|2020-09-03 15:00:03.449+00|2020-09-03 15:00:03.449+00|2638
257|dow|2020-09-03 15:00:26.016+00|2020-09-03 15:00:26.016+00|2638
258|dow|2020-09-03 15:00:28.334+00|2020-09-03 15:00:28.334+00|2638
259|covid|2020-09-03 15:00:48.113+00|2020-09-03 15:00:48.113+00|2750
260|covid|2020-09-03 15:00:49.197+00|2020-09-03 15:00:49.197+00|2627
261|Jacob_5538|2020-09-03 15:01:00.628+00|2020-09-03 15:01:00.628+00|2530
262|Molly_5679|2020-09-03 15:01:33.266+00|2020-09-03 15:01:33.266+00|2530
263|Molly_5679|2020-09-03 15:01:57.807+00|2020-09-03 15:01:57.807+00|2531
264|Luke_821|2020-09-03 15:02:07.885+00|2020-09-03 15:02:07.885+00|2531
265|Molly_5679|2020-09-03 15:06:57.913+00|2020-09-03 15:06:57.913+00|2528
266|Molly_5679|2020-09-03 15:07:26.693+00|2020-09-03 15:07:26.693+00|2530
267|Molly_5679|2020-09-03 15:07:53.388+00|2020-09-03 15:07:53.388+00|2531
268|Molly_5679|2020-09-03 15:08:16.043+00|2020-09-03 15:08:16.043+00|2529
269|Luke_821|2020-09-03 15:08:24.166+00|2020-09-03 15:08:24.166+00|2529
270|Nuclear Power|2020-09-03 15:09:08.493+00|2020-09-03 15:09:08.493+00|2577
271|Nuclear|2020-09-03 15:10:26.421+00|2020-09-03 15:10:26.421+00|2577
272|Terrorist|2020-09-03 15:10:36.21+00|2020-09-03 15:10:36.21+00|2577
273|""|2020-09-03 15:14:33.143+00|2020-09-03 15:14:33.143+00|2564
274|""|2020-09-03 15:16:16.55+00|2020-09-03 15:16:16.55+00|2564
275|covid|2020-09-03 15:17:23.198+00|2020-09-03 15:17:23.198+00|2704
276|nuclear|2020-09-03 15:24:22.573+00|2020-09-03 15:24:22.573+00|2527
277|World|2020-09-03 15:26:57.976+00|2020-09-03 15:26:57.976+00|2603
278|Government|2020-09-03 15:27:09.608+00|2020-09-03 15:27:09.608+00|2603
279|tax|2020-09-03 15:27:10.242+00|2020-09-03 15:27:10.242+00|2627
280|wealthy|2020-09-03 15:27:15.942+00|2020-09-03 15:27:15.942+00|2627
281|environment|2020-09-03 15:27:20.348+00|2020-09-03 15:27:20.348+00|2627
282|energy|2020-09-03 15:29:04.316+00|2020-09-03 15:29:04.316+00|2627
283|Molly_5679|2020-09-03 15:29:57.224+00|2020-09-03 15:29:57.224+00|2529
284|Molly_5679|2020-09-03 15:30:33.267+00|2020-09-03 15:30:33.267+00|2529
285|Jamal_3690|2020-09-03 15:31:51.565+00|2020-09-03 15:31:51.565+00|2527
286|national|2020-09-03 15:32:18.452+00|2020-09-03 15:32:18.452+00|2601
287|national|2020-09-03 15:32:18.53+00|2020-09-03 15:32:18.53+00|2601
288|america|2020-09-03 15:38:25.319+00|2020-09-03 15:38:25.319+00|2623
289|covid|2020-09-03 15:50:53.419+00|2020-09-03 15:50:53.419+00|2603
290|nuclear|2020-09-03 15:52:39.262+00|2020-09-03 15:52:39.262+00|2603
291|world affarirs|2020-09-03 15:54:05.81+00|2020-09-03 15:54:05.81+00|2421
292|terrorism|2020-09-03 15:56:00.218+00|2020-09-03 15:56:00.218+00|2603
293|terrorism|2020-09-03 15:59:07.851+00|2020-09-03 15:59:07.851+00|2603
294|covid|2020-09-03 15:59:29.386+00|2020-09-03 15:59:29.386+00|1976
295|wealthtax|2020-09-03 15:59:42.556+00|2020-09-03 15:59:42.556+00|1976
296|nuclear|2020-09-03 16:24:07.987+00|2020-09-03 16:24:07.987+00|2603
297|allison|2020-09-03 16:24:15.357+00|2020-09-03 16:24:15.357+00|2409
298|covid|2020-09-03 16:24:25.157+00|2020-09-03 16:24:25.157+00|2603
299|allison|2020-09-03 16:34:14.286+00|2020-09-03 16:34:14.286+00|2409
300|How likely is it that the Dow Jones will end the year 2020 down at least 20 from its peak in February 2020|2020-09-03 16:34:32.008+00|2020-09-03 16:34:32.008+00|2570
301|How likely is it that the Dow Jones will end the year 2020 down at least 20 from its peak in February 2020|2020-09-03 16:34:54.507+00|2020-09-03 16:34:54.507+00|2570
302|nuclear|2020-09-03 16:37:08.344+00|2020-09-03 16:37:08.344+00|2527
303|nuclear|2020-09-03 16:38:33.177+00|2020-09-03 16:38:33.177+00|2527
304|nuclear|2020-09-03 16:38:45.879+00|2020-09-03 16:38:45.879+00|2527
305|brad pitt|2020-09-03 16:49:28.86+00|2020-09-03 16:49:28.86+00|2297
306|covid|2020-09-03 17:22:47.095+00|2020-09-03 17:22:47.095+00|2603
307|GMO|2020-09-03 17:25:45.099+00|2020-09-03 17:25:45.099+00|2658
308|allison|2020-09-03 17:25:53.923+00|2020-09-03 17:25:53.923+00|2410
309|GMO|2020-09-03 17:25:53.924+00|2020-09-03 17:25:53.924+00|2658
310|katherine|2020-09-03 17:26:44.489+00|2020-09-03 17:26:44.489+00|2410
311|carly|2020-09-03 17:27:04.269+00|2020-09-03 17:27:04.269+00|2410
312|cody|2020-09-03 17:52:15.6+00|2020-09-03 17:52:15.6+00|2597
313|Tax|2020-09-03 17:54:37.126+00|2020-09-03 17:54:37.126+00|2637
314|Tax|2020-09-03 17:58:26.56+00|2020-09-03 17:58:26.56+00|2637
315|tax|2020-09-03 18:06:02.421+00|2020-09-03 18:06:02.421+00|2687
316|tax|2020-09-03 18:06:21.509+00|2020-09-03 18:06:21.509+00|2687
317|health care|2020-09-03 18:07:14.51+00|2020-09-03 18:07:14.51+00|2687
318|healthcare|2020-09-03 18:07:19.726+00|2020-09-03 18:07:19.726+00|2687
319|terrorist|2020-09-03 18:08:30.864+00|2020-09-03 18:08:30.864+00|2687
320|terror|2020-09-03 18:08:34.779+00|2020-09-03 18:08:34.779+00|2687
321|terror|2020-09-03 18:09:12.79+00|2020-09-03 18:09:12.79+00|2687
322|health|2020-09-03 18:10:00.436+00|2020-09-03 18:10:00.436+00|2687
323|healthcare|2020-09-03 18:10:07.385+00|2020-09-03 18:10:07.385+00|2687
324|healthcare|2020-09-03 18:10:16.76+00|2020-09-03 18:10:16.76+00|2687
325|tax|2020-09-03 18:11:18.866+00|2020-09-03 18:11:18.866+00|2687
326|environment|2020-09-03 18:15:08.793+00|2020-09-03 18:15:08.793+00|2527
327|""|2020-09-03 18:15:39.968+00|2020-09-03 18:15:39.968+00|2391
328|medicare|2020-09-03 18:15:45.585+00|2020-09-03 18:15:45.585+00|2527
329|healthcare|2020-09-03 18:15:57.116+00|2020-09-03 18:15:57.116+00|2527
330|""|2020-09-03 18:16:21.156+00|2020-09-03 18:16:21.156+00|2391
331|""|2020-09-03 18:23:03.242+00|2020-09-03 18:23:03.242+00|2618
332|malik|2020-09-03 18:32:05.165+00|2020-09-03 18:32:05.165+00|2542
333|covid|2020-09-03 19:10:48.007+00|2020-09-03 19:10:48.007+00|2544
334|amy|2020-09-03 19:12:49.628+00|2020-09-03 19:12:49.628+00|2544
335|dowjones|2020-09-03 19:13:41.726+00|2020-09-03 19:13:41.726+00|2544
336|dowjones|2020-09-03 19:14:48.868+00|2020-09-03 19:14:48.868+00|2544
337|dowjones|2020-09-03 19:15:33.201+00|2020-09-03 19:15:33.201+00|2544
338|proud american|2020-09-03 19:17:49.998+00|2020-09-03 19:17:49.998+00|2544
339|proudamerican|2020-09-03 19:18:01.291+00|2020-09-03 19:18:01.291+00|2544
340|amy_7578|2020-09-03 19:23:06.919+00|2020-09-03 19:23:06.919+00|2540
341|survey|2020-09-03 19:29:29.172+00|2020-09-03 19:29:29.172+00|2299
342|survey|2020-09-03 19:40:09.147+00|2020-09-03 19:40:09.147+00|2299
343|""|2020-09-03 19:40:14.372+00|2020-09-03 19:40:14.372+00|2299
344|survey|2020-09-03 19:49:58.344+00|2020-09-03 19:49:58.344+00|2627
345|Jacob_5538|2020-09-03 20:20:27.66+00|2020-09-03 20:20:27.66+00|2528
346|""|2020-09-03 20:26:43.282+00|2020-09-03 20:26:43.282+00|2594
347|""|2020-09-03 20:32:15.172+00|2020-09-03 20:32:15.172+00|2594
348|Luke_821|2020-09-03 20:34:33.564+00|2020-09-03 20:34:33.564+00|2531
349|Jamal_3690|2020-09-03 20:35:44.033+00|2020-09-03 20:35:44.033+00|2527
350|COVID|2020-09-03 20:44:33.842+00|2020-09-03 20:44:33.842+00|2606
351|Molly_5679|2020-09-03 21:18:05.827+00|2020-09-03 21:18:05.827+00|2528
352|Jacob_5538|2020-09-03 21:18:31.718+00|2020-09-03 21:18:31.718+00|2528
353|Emma_9672|2020-09-03 21:18:55.399+00|2020-09-03 21:18:55.399+00|2528
354|Jamal_3690|2020-09-03 21:19:26.309+00|2020-09-03 21:19:26.309+00|2528
355|Jamal_3690|2020-09-03 21:19:35.52+00|2020-09-03 21:19:35.52+00|2528
356|Molly_5679|2020-09-03 21:20:03.302+00|2020-09-03 21:20:03.302+00|2531
357|Emma_9672|2020-09-03 21:20:12.287+00|2020-09-03 21:20:12.287+00|2531
358|Luke_821|2020-09-03 21:20:23+00|2020-09-03 21:20:23+00|2531
359|Jacob_5538|2020-09-03 21:20:32.67+00|2020-09-03 21:20:32.67+00|2531
360|Jacob_5538|2020-09-03 21:20:53.604+00|2020-09-03 21:20:53.604+00|2530
361|Jamal_3690|2020-09-03 21:21:00.666+00|2020-09-03 21:21:00.666+00|2530
362|Luke_821|2020-09-03 21:21:11.358+00|2020-09-03 21:21:11.358+00|2530
363|Molly_5679|2020-09-03 21:21:27.053+00|2020-09-03 21:21:27.053+00|2530
364|Molly_5679|2020-09-03 21:22:28.515+00|2020-09-03 21:22:28.515+00|2527
365|covid|2020-09-03 23:20:11.933+00|2020-09-03 23:20:11.933+00|2714
366|immigration|2020-09-04 00:41:47.382+00|2020-09-04 00:41:47.382+00|1980
367|immigration|2020-09-04 00:41:53.123+00|2020-09-04 00:41:53.123+00|1980
368|Coronavirus pandemi|2020-09-04 01:18:30.463+00|2020-09-04 01:18:30.463+00|2608
369|nuclear power|2020-09-04 01:20:02.012+00|2020-09-04 01:20:02.012+00|2723
370|nuclear energy|2020-09-04 01:20:35.683+00|2020-09-04 01:20:35.683+00|2723
371|terrorist attack|2020-09-04 01:21:08.263+00|2020-09-04 01:21:08.263+00|2723
372|gmo|2020-09-04 01:21:31.216+00|2020-09-04 01:21:31.216+00|2723
373|Amy_3504|2020-09-04 03:09:11.411+00|2020-09-04 03:09:11.411+00|2701
374|""|2020-09-04 03:33:34.168+00|2020-09-04 03:33:34.168+00|2655
375|alison|2020-09-04 03:45:32.107+00|2020-09-04 03:45:32.107+00|2665
376|allison|2020-09-04 03:45:51.732+00|2020-09-04 03:45:51.732+00|2665
377|environment|2020-09-04 03:47:58.479+00|2020-09-04 03:47:58.479+00|2665
378|Allison_5893|2020-09-04 03:55:57.591+00|2020-09-04 03:55:57.591+00|2665
379|neverforget|2020-09-04 03:58:57.334+00|2020-09-04 03:58:57.334+00|2665
380|medicare|2020-09-04 03:59:12.242+00|2020-09-04 03:59:12.242+00|2665
381|COVID actions taken too strong|2020-09-04 04:03:00.743+00|2020-09-04 04:03:00.743+00|2628
382|COVID actions taken too strong|2020-09-04 04:03:02.738+00|2020-09-04 04:03:02.738+00|2628
383|COVID actions taken too strong|2020-09-04 04:05:53.005+00|2020-09-04 04:05:53.005+00|2628
384|medicare|2020-09-04 04:12:22.799+00|2020-09-04 04:12:22.799+00|2657
385|terrorist|2020-09-04 04:41:19.353+00|2020-09-04 04:41:19.353+00|2665
386|""|2020-09-04 04:47:30.817+00|2020-09-04 04:47:30.817+00|2339
387|Willie8565|2020-09-04 06:13:01.171+00|2020-09-04 06:13:01.171+00|2442
388|Willie_8565|2020-09-04 06:13:18.219+00|2020-09-04 06:13:18.219+00|2442
389|malik_3915|2020-09-04 06:13:42.169+00|2020-09-04 06:13:42.169+00|2545
390|malik_3915|2020-09-04 06:15:22.832+00|2020-09-04 06:15:22.832+00|2545
391|covid|2020-09-04 06:25:03.361+00|2020-09-04 06:25:03.361+00|2326
392|covid|2020-09-04 06:25:51.405+00|2020-09-04 06:25:51.405+00|2326
393|trump|2020-09-04 06:26:08.865+00|2020-09-04 06:26:08.865+00|2326
394|covid|2020-09-04 06:26:51.158+00|2020-09-04 06:26:51.158+00|2326
395|covid|2020-09-04 06:28:50.494+00|2020-09-04 06:28:50.494+00|2326
396|covid|2020-09-04 06:29:42.787+00|2020-09-04 06:29:42.787+00|2326
397|covid|2020-09-04 06:31:05.037+00|2020-09-04 06:31:05.037+00|2326
398|covid|2020-09-04 06:31:22.356+00|2020-09-04 06:31:22.356+00|2326
399|covid|2020-09-04 06:32:42.101+00|2020-09-04 06:32:42.101+00|2326
400|covid|2020-09-04 06:33:57.51+00|2020-09-04 06:33:57.51+00|2326
401|covid|2020-09-04 06:35:51.463+00|2020-09-04 06:35:51.463+00|2326
402|covid|2020-09-04 06:39:13.931+00|2020-09-04 06:39:13.931+00|2326
403|allison_2019|2020-09-04 07:34:11.755+00|2020-09-04 07:34:11.755+00|2542
404|cody_5364|2020-09-04 07:46:11.535+00|2020-09-04 07:46:11.535+00|2542
405|diamond_1228|2020-09-04 07:55:46.773+00|2020-09-04 07:55:46.773+00|2542
406|diamond_1228|2020-09-04 08:05:03.573+00|2020-09-04 08:05:03.573+00|2542
407|diamond_1228|2020-09-04 08:06:06.781+00|2020-09-04 08:06:06.781+00|2542
408|""|2020-09-04 08:09:43.324+00|2020-09-04 08:09:43.324+00|2542
409|diamond_1228|2020-09-04 08:09:52.064+00|2020-09-04 08:09:52.064+00|2542
410|covid|2020-09-04 11:37:57.554+00|2020-09-04 11:37:57.554+00|2627
411|medicare|2020-09-04 12:27:22.605+00|2020-09-04 12:27:22.605+00|2649
412|medicareforall|2020-09-04 12:27:44.883+00|2020-09-04 12:27:44.883+00|2649
413|dow|2020-09-04 12:27:56.68+00|2020-09-04 12:27:56.68+00|2649
414|ENERGY|2020-09-04 12:32:33.904+00|2020-09-04 12:32:33.904+00|2627
415|market|2020-09-04 12:34:44.766+00|2020-09-04 12:34:44.766+00|2649
416|medicareforall|2020-09-04 12:39:05.51+00|2020-09-04 12:39:05.51+00|2649
417|dow|2020-09-04 12:39:18.65+00|2020-09-04 12:39:18.65+00|2649
418|nasdaq|2020-09-04 12:39:43.932+00|2020-09-04 12:39:43.932+00|2649
419|marketdecline|2020-09-04 12:39:52.904+00|2020-09-04 12:39:52.904+00|2649
420|""|2020-09-04 13:22:21.951+00|2020-09-04 13:22:21.951+00|2611
421|Luke_7423|2020-09-04 13:22:32.598+00|2020-09-04 13:22:32.598+00|2620
422|""|2020-09-04 13:22:47.036+00|2020-09-04 13:22:47.036+00|2620
423|katherine|2020-09-04 13:24:41.904+00|2020-09-04 13:24:41.904+00|2408
424|allison|2020-09-04 13:25:42.295+00|2020-09-04 13:25:42.295+00|2408
425|allison|2020-09-04 13:27:18.114+00|2020-09-04 13:27:18.114+00|2408
426|allison|2020-09-04 13:28:07.336+00|2020-09-04 13:28:07.336+00|2408
427|allison|2020-09-04 13:29:56.968+00|2020-09-04 13:29:56.968+00|2408
428|allison|2020-09-04 13:30:19.964+00|2020-09-04 13:30:19.964+00|2408
429|katherine|2020-09-04 13:30:47.501+00|2020-09-04 13:30:47.501+00|2408
430|katherine|2020-09-04 13:30:52.155+00|2020-09-04 13:30:52.155+00|2408
431|katherine|2020-09-04 13:30:57.944+00|2020-09-04 13:30:57.944+00|2408
432|katherine|2020-09-04 13:31:01.618+00|2020-09-04 13:31:01.618+00|2408
433|katherine|2020-09-04 13:31:02.581+00|2020-09-04 13:31:02.581+00|2408
434|katherine|2020-09-04 13:31:07.183+00|2020-09-04 13:31:07.183+00|2408
435|katherine|2020-09-04 13:31:10.471+00|2020-09-04 13:31:10.471+00|2408
436|wyatt|2020-09-04 13:31:15.327+00|2020-09-04 13:31:15.327+00|2408
437|wyatt|2020-09-04 13:31:20.089+00|2020-09-04 13:31:20.089+00|2408
438|wyatt|2020-09-04 13:31:23.922+00|2020-09-04 13:31:23.922+00|2408
439|allison|2020-09-04 13:31:29.41+00|2020-09-04 13:31:29.41+00|2408
440|covid|2020-09-04 13:36:04.729+00|2020-09-04 13:36:04.729+00|2703
441|Covid|2020-09-04 13:38:04.703+00|2020-09-04 13:38:04.703+00|2703
442|Government|2020-09-04 13:38:24.091+00|2020-09-04 13:38:24.091+00|2703
443|Crisis|2020-09-04 13:38:38.828+00|2020-09-04 13:38:38.828+00|2703
444|Coronavirus|2020-09-04 13:38:54.329+00|2020-09-04 13:38:54.329+00|2703
445|US|2020-09-04 13:39:02.369+00|2020-09-04 13:39:02.369+00|2703
446|USA|2020-09-04 13:39:06.02+00|2020-09-04 13:39:06.02+00|2703
447|Attacks|2020-09-04 13:39:25.997+00|2020-09-04 13:39:25.997+00|2703
448|America|2020-09-04 13:39:34.721+00|2020-09-04 13:39:34.721+00|2703
449|Tax|2020-09-04 13:39:42.773+00|2020-09-04 13:39:42.773+00|2703
450|Wealth|2020-09-04 13:39:48.342+00|2020-09-04 13:39:48.342+00|2703
451|Money|2020-09-04 13:39:54.055+00|2020-09-04 13:39:54.055+00|2703
452|Fair|2020-09-04 13:39:57.45+00|2020-09-04 13:39:57.45+00|2703
453|Country|2020-09-04 13:40:04.058+00|2020-09-04 13:40:04.058+00|2703
454|money|2020-09-04 13:40:11.567+00|2020-09-04 13:40:11.567+00|2703
455|environment|2020-09-04 13:41:34.185+00|2020-09-04 13:41:34.185+00|2703
456|politics|2020-09-04 13:43:13.792+00|2020-09-04 13:43:13.792+00|2703
457|jake|2020-09-04 13:56:33.563+00|2020-09-04 13:56:33.563+00|2614
458|Luke_821|2020-09-04 14:06:27.343+00|2020-09-04 14:06:27.343+00|2527
459|Luke_821|2020-09-04 14:08:40.905+00|2020-09-04 14:08:40.905+00|2530
460|Jacob_5538|2020-09-04 14:08:47.125+00|2020-09-04 14:08:47.125+00|2530
461|Emma_9672|2020-09-04 14:09:18.365+00|2020-09-04 14:09:18.365+00|2529
462|environment|2020-09-04 14:33:53.116+00|2020-09-04 14:33:53.116+00|2703
463|""|2020-09-04 14:33:55.187+00|2020-09-04 14:33:55.187+00|2387
464|environment|2020-09-04 14:34:15.044+00|2020-09-04 14:34:15.044+00|2703
465|alison|2020-09-04 14:34:25.87+00|2020-09-04 14:34:25.87+00|2387
466|allison 3206|2020-09-04 14:42:05.391+00|2020-09-04 14:42:05.391+00|2387
467|allison_3206|2020-09-04 14:42:13.652+00|2020-09-04 14:42:13.652+00|2387
468|terrorist|2020-09-04 14:58:16.416+00|2020-09-04 14:58:16.416+00|2691
469|Jacob_5538|2020-09-04 15:22:15.437+00|2020-09-04 15:22:15.437+00|2531
470|economy|2020-09-04 15:22:19.726+00|2020-09-04 15:22:19.726+00|2691
471|Luke_821|2020-09-04 15:22:24.085+00|2020-09-04 15:22:24.085+00|2531
472|Jamal_3690|2020-09-04 15:22:52.717+00|2020-09-04 15:22:52.717+00|2529
473|Jacob_5538|2020-09-04 15:22:58.701+00|2020-09-04 15:22:58.701+00|2529
474|Emma_9672|2020-09-04 15:23:10.007+00|2020-09-04 15:23:10.007+00|2529
475|Molly_5679|2020-09-04 15:23:17.058+00|2020-09-04 15:23:17.058+00|2529
476|Molly_5679|2020-09-04 15:26:49.61+00|2020-09-04 15:26:49.61+00|2529
477|Jamal_3690|2020-09-04 15:26:54.832+00|2020-09-04 15:26:54.832+00|2529
478|Luke_821|2020-09-04 15:26:59.218+00|2020-09-04 15:26:59.218+00|2529
479|Emma_9672|2020-09-04 15:27:03.268+00|2020-09-04 15:27:03.268+00|2529
480|nuclear|2020-09-04 16:14:34.25+00|2020-09-04 16:14:34.25+00|2603
481|diamond|2020-09-04 16:52:18.986+00|2020-09-04 16:52:18.986+00|2638
482|wealth tax|2020-09-04 16:52:50.532+00|2020-09-04 16:52:50.532+00|2638
483|tax|2020-09-04 16:52:59.4+00|2020-09-04 16:52:59.4+00|2638
484|trump|2020-09-04 16:53:21.072+00|2020-09-04 16:53:21.072+00|2638
485|dow|2020-09-04 16:53:58.859+00|2020-09-04 16:53:58.859+00|2638
486|tax|2020-09-04 16:54:01.412+00|2020-09-04 16:54:01.412+00|2638
487|luke|2020-09-04 16:54:41.863+00|2020-09-04 16:54:41.863+00|2638
488|jenna|2020-09-04 16:55:04.39+00|2020-09-04 16:55:04.39+00|2638
489|50 million|2020-09-04 16:55:44.807+00|2020-09-04 16:55:44.807+00|2638
490|50 million|2020-09-04 16:58:17.405+00|2020-09-04 16:58:17.405+00|2638
491|rich|2020-09-04 16:58:25.125+00|2020-09-04 16:58:25.125+00|2638
492|bill|2020-09-04 16:58:28.906+00|2020-09-04 16:58:28.906+00|2638
493|tax|2020-09-04 16:58:31.781+00|2020-09-04 16:58:31.781+00|2638
494|malik_1436|2020-09-04 16:58:43.888+00|2020-09-04 16:58:43.888+00|2543
495|amy_7578|2020-09-04 17:00:24.185+00|2020-09-04 17:00:24.185+00|2543
496|dow|2020-09-04 17:00:25.661+00|2020-09-04 17:00:25.661+00|2638
497|malik_1436|2020-09-04 17:19:49.3+00|2020-09-04 17:19:49.3+00|2542
498|malik_1436|2020-09-04 17:21:16.005+00|2020-09-04 17:21:16.005+00|2542
499|amy_731|2020-09-04 17:26:06.79+00|2020-09-04 17:26:06.79+00|2542
500|china|2020-09-04 17:26:44.111+00|2020-09-04 17:26:44.111+00|2638
501|foreign affairs|2020-09-04 17:26:54.549+00|2020-09-04 17:26:54.549+00|2638
502|medicare|2020-09-04 17:37:57.879+00|2020-09-04 17:37:57.879+00|2649
503|socializedhealthcare|2020-09-04 17:38:22.57+00|2020-09-04 17:38:22.57+00|2649
504|healthcare|2020-09-04 17:38:41.494+00|2020-09-04 17:38:41.494+00|2649
505|malik_1436|2020-09-04 17:45:46.156+00|2020-09-04 17:45:46.156+00|2544
506|Covid|2020-09-04 17:49:37.281+00|2020-09-04 17:49:37.281+00|2711
507|Jamal_8048|2020-09-04 17:56:21.834+00|2020-09-04 17:56:21.834+00|2545
508|Jamal_8048|2020-09-04 17:58:01.4+00|2020-09-04 17:58:01.4+00|2541
509|covid|2020-09-04 18:06:54.749+00|2020-09-04 18:06:54.749+00|2711
510|Gonuclear|2020-09-04 18:37:42.794+00|2020-09-04 18:37:42.794+00|2293
511|""|2020-09-04 18:39:38.713+00|2020-09-04 18:39:38.713+00|2293
512|trump|2020-09-04 18:45:23.082+00|2020-09-04 18:45:23.082+00|2301
513|""|2020-09-04 19:04:51.528+00|2020-09-04 19:04:51.528+00|2358
514|""|2020-09-04 19:08:32.388+00|2020-09-04 19:08:32.388+00|2358
515|""|2020-09-04 19:12:41.787+00|2020-09-04 19:12:41.787+00|2358
516|Covid|2020-09-04 19:26:05.981+00|2020-09-04 19:26:05.981+00|2714
517|kate|2020-09-04 19:42:15.561+00|2020-09-04 19:42:15.561+00|2749
518|molly|2020-09-04 19:42:18.868+00|2020-09-04 19:42:18.868+00|2749
519|covid|2020-09-04 19:43:38.027+00|2020-09-04 19:43:38.027+00|2749
520|covid|2020-09-04 19:44:36.059+00|2020-09-04 19:44:36.059+00|2749
521|coronavirus|2020-09-04 19:45:06.307+00|2020-09-04 19:45:06.307+00|2749
522|coronavirus|2020-09-04 19:45:10.491+00|2020-09-04 19:45:10.491+00|2749
523|trump|2020-09-04 20:04:01.429+00|2020-09-04 20:04:01.429+00|2301
524|movie|2020-09-04 20:13:29.97+00|2020-09-04 20:13:29.97+00|2714
525|asian|2020-09-04 20:15:18.358+00|2020-09-04 20:15:18.358+00|1976
526|economy|2020-09-04 20:15:20.82+00|2020-09-04 20:15:20.82+00|1976
527|covid|2020-09-04 20:41:48.734+00|2020-09-04 20:41:48.734+00|1976
528|covid|2020-09-04 20:42:20.308+00|2020-09-04 20:42:20.308+00|1976
529|covid|2020-09-04 21:24:33.457+00|2020-09-04 21:24:33.457+00|1976
530|covid|2020-09-04 21:50:47.996+00|2020-09-04 21:50:47.996+00|2337
531|asian|2020-09-04 21:52:44.527+00|2020-09-04 21:52:44.527+00|2337
532|gmo|2020-09-04 21:52:48.244+00|2020-09-04 21:52:48.244+00|2337
533|health|2020-09-04 21:53:00.411+00|2020-09-04 21:53:00.411+00|2337
534|mask|2020-09-04 21:53:20.905+00|2020-09-04 21:53:20.905+00|2337
535|covid|2020-09-04 21:53:23.548+00|2020-09-04 21:53:23.548+00|2337
536|trump|2020-09-04 23:43:12.341+00|2020-09-04 23:43:12.341+00|2622
537|covid|2020-09-04 23:46:37.777+00|2020-09-04 23:46:37.777+00|1976
538|covid19|2020-09-04 23:46:56.876+00|2020-09-04 23:46:56.876+00|1976
539|medicare|2020-09-05 00:55:30.916+00|2020-09-05 00:55:30.916+00|2565
540|troops|2020-09-05 01:18:16.431+00|2020-09-05 01:18:16.431+00|2566
541|war|2020-09-05 01:18:19.438+00|2020-09-05 01:18:19.438+00|2566
542|affair|2020-09-05 01:19:25.446+00|2020-09-05 01:19:25.446+00|2566
543|affairs|2020-09-05 01:19:27.293+00|2020-09-05 01:19:27.293+00|2566
544|world|2020-09-05 01:19:31.519+00|2020-09-05 01:19:31.519+00|2566
545|world|2020-09-05 01:28:38.792+00|2020-09-05 01:28:38.792+00|2566
546|cole|2020-09-05 02:15:45.025+00|2020-09-05 02:15:45.025+00|2454
547|economy|2020-09-05 03:38:48.62+00|2020-09-05 03:38:48.62+00|2339
548|economy|2020-09-05 03:40:50.802+00|2020-09-05 03:40:50.802+00|2339
549|economy|2020-09-05 03:48:09.958+00|2020-09-05 03:48:09.958+00|2339
550|tax|2020-09-05 04:05:09.184+00|2020-09-05 04:05:09.184+00|2454
551|jacob smith|2020-09-05 09:50:02.893+00|2020-09-05 09:50:02.893+00|2750
552|jacob|2020-09-05 09:50:09.166+00|2020-09-05 09:50:09.166+00|2750
553|health|2020-09-05 10:45:01.469+00|2020-09-05 10:45:01.469+00|2542
554|covid|2020-09-05 10:45:29.707+00|2020-09-05 10:45:29.707+00|2542
555|amy_7578|2020-09-05 10:50:26.825+00|2020-09-05 10:50:26.825+00|2542
556|Jamal_8048|2020-09-05 10:55:10.808+00|2020-09-05 10:55:10.808+00|2542
557|worldaffairs|2020-09-05 11:07:16.718+00|2020-09-05 11:07:16.718+00|2544
558|world affairs|2020-09-05 11:07:27.087+00|2020-09-05 11:07:27.087+00|2544
559|international|2020-09-05 11:07:40.379+00|2020-09-05 11:07:40.379+00|2544
560|dow|2020-09-05 11:09:15.096+00|2020-09-05 11:09:15.096+00|2544
561|dow|2020-09-05 11:10:54.113+00|2020-09-05 11:10:54.113+00|2544
562|foreign affairs|2020-09-05 11:19:52.647+00|2020-09-05 11:19:52.647+00|2544
563|foreignaffairs|2020-09-05 11:20:06.423+00|2020-09-05 11:20:06.423+00|2544
564|foreignaffairs|2020-09-05 11:20:17.924+00|2020-09-05 11:20:17.924+00|2544
565|Jamal_8048|2020-09-05 11:31:08.277+00|2020-09-05 11:31:08.277+00|2545
566|priorities|2020-09-05 11:34:44.7+00|2020-09-05 11:34:44.7+00|2545
567|amy_3504|2020-09-05 11:50:43.685+00|2020-09-05 11:50:43.685+00|2542
568|dow jones|2020-09-05 12:10:47.584+00|2020-09-05 12:10:47.584+00|2596
569|nuclear|2020-09-05 12:32:57.338+00|2020-09-05 12:32:57.338+00|2577
570|Covid|2020-09-05 12:35:28.29+00|2020-09-05 12:35:28.29+00|2577
571|Terrorist attack soon|2020-09-05 12:37:16.351+00|2020-09-05 12:37:16.351+00|2577
572|Terrorist attack|2020-09-05 12:37:23.955+00|2020-09-05 12:37:23.955+00|2577
573|priorities|2020-09-05 12:43:35.96+00|2020-09-05 12:43:35.96+00|2541
574|malik_3915|2020-09-05 12:50:16.958+00|2020-09-05 12:50:16.958+00|2541
575|amy_7578|2020-09-05 12:52:39.999+00|2020-09-05 12:52:39.999+00|2541
576|amy_7578|2020-09-05 12:53:00.06+00|2020-09-05 12:53:00.06+00|2541
577|Dartpost|2020-09-05 12:57:29.97+00|2020-09-05 12:57:29.97+00|2577
578|wealth tax|2020-09-05 14:45:31.895+00|2020-09-05 14:45:31.895+00|2577
579|dartpost|2020-09-05 14:45:36.607+00|2020-09-05 14:45:36.607+00|2577
580|government|2020-09-05 14:53:37.325+00|2020-09-05 14:53:37.325+00|2703
581|dow|2020-09-05 15:03:00.944+00|2020-09-05 15:03:00.944+00|2691
582|dow|2020-09-05 15:03:42.83+00|2020-09-05 15:03:42.83+00|2691
583|""|2020-09-05 18:20:36.523+00|2020-09-05 18:20:36.523+00|2620
584|tax|2020-09-05 18:38:35.704+00|2020-09-05 18:38:35.704+00|2709
585|tax|2020-09-05 18:38:42.313+00|2020-09-05 18:38:42.313+00|2709
586|tax|2020-09-05 18:43:36.395+00|2020-09-05 18:43:36.395+00|2709
587|Dow jones|2020-09-05 19:25:53.265+00|2020-09-05 19:25:53.265+00|2570
588|Medicare|2020-09-05 19:26:57.564+00|2020-09-05 19:26:57.564+00|2570
589|Medicare|2020-09-05 19:27:08.435+00|2020-09-05 19:27:08.435+00|2570
590|two percent annual tax|2020-09-05 19:30:13.518+00|2020-09-05 19:30:13.518+00|2570
591|nuclear|2020-09-05 19:45:08.618+00|2020-09-05 19:45:08.618+00|2610
592|covid|2020-09-05 22:04:44.507+00|2020-09-05 22:04:44.507+00|2749
593|covid|2020-09-05 22:05:46.416+00|2020-09-05 22:05:46.416+00|2749
594|molly|2020-09-05 22:10:53.306+00|2020-09-05 22:10:53.306+00|2749
595|molly|2020-09-05 22:11:11.084+00|2020-09-05 22:11:11.084+00|2749
596|stock|2020-09-05 22:15:43.56+00|2020-09-05 22:15:43.56+00|2749
597|dow|2020-09-05 23:13:43.569+00|2020-09-05 23:13:43.569+00|2655
598|dow|2020-09-05 23:15:23.237+00|2020-09-05 23:15:23.237+00|2655
599|dow|2020-09-05 23:16:01.016+00|2020-09-05 23:16:01.016+00|2655
600|gmo|2020-09-05 23:31:54.868+00|2020-09-05 23:31:54.868+00|2604
601|gmo|2020-09-05 23:32:24.697+00|2020-09-05 23:32:24.697+00|2604
602|economy|2020-09-05 23:33:17.23+00|2020-09-05 23:33:17.23+00|2604
603|economy|2020-09-05 23:34:01.928+00|2020-09-05 23:34:01.928+00|2604
604|economy|2020-09-05 23:34:46.837+00|2020-09-05 23:34:46.837+00|2604
605|economy|2020-09-05 23:36:49.523+00|2020-09-05 23:36:49.523+00|2604
606|economy|2020-09-05 23:38:38.79+00|2020-09-05 23:38:38.79+00|2604
607|economy|2020-09-05 23:42:22.092+00|2020-09-05 23:42:22.092+00|2604
608|economy|2020-09-05 23:43:32.457+00|2020-09-05 23:43:32.457+00|2604
609|covid|2020-09-05 23:59:48.704+00|2020-09-05 23:59:48.704+00|2337
610|covid|2020-09-06 00:00:44.536+00|2020-09-06 00:00:44.536+00|2337
611|kathryn|2020-09-06 00:58:12.286+00|2020-09-06 00:58:12.286+00|2558
612|jack|2020-09-06 00:59:39.203+00|2020-09-06 00:59:39.203+00|2558
613|bradley|2020-09-06 01:00:13.851+00|2020-09-06 01:00:13.851+00|2558
614|molly|2020-09-06 01:00:31.086+00|2020-09-06 01:00:31.086+00|2558
615|jack|2020-09-06 01:12:39.092+00|2020-09-06 01:12:39.092+00|2558
616|molly|2020-09-06 01:13:01.558+00|2020-09-06 01:13:01.558+00|2558
617|jacob|2020-09-06 01:15:45.988+00|2020-09-06 01:15:45.988+00|2559
618|jack|2020-09-06 01:16:28.078+00|2020-09-06 01:16:28.078+00|2559
619|bradley|2020-09-06 01:17:13.638+00|2020-09-06 01:17:13.638+00|2559
620|jacob|2020-09-06 01:25:10.72+00|2020-09-06 01:25:10.72+00|2559
621|jacob|2020-09-06 01:26:20.412+00|2020-09-06 01:26:20.412+00|2560
622|kathryn|2020-09-06 01:27:21.012+00|2020-09-06 01:27:21.012+00|2560
623|molly|2020-09-06 01:27:55.068+00|2020-09-06 01:27:55.068+00|2560
624|jacob|2020-09-06 01:38:10.621+00|2020-09-06 01:38:10.621+00|2561
625|jacob|2020-09-06 01:38:22.838+00|2020-09-06 01:38:22.838+00|2561
626|jacob|2020-09-06 01:39:12.894+00|2020-09-06 01:39:12.894+00|2561
627|jacob|2020-09-06 01:40:25.767+00|2020-09-06 01:40:25.767+00|2561
628|cvodi|2020-09-06 02:05:16.321+00|2020-09-06 02:05:16.321+00|2456
629|covid|2020-09-06 02:05:16.81+00|2020-09-06 02:05:16.81+00|2456
630|stonks|2020-09-06 02:31:31.277+00|2020-09-06 02:31:31.277+00|2457
631|stonk|2020-09-06 02:31:33.117+00|2020-09-06 02:31:33.117+00|2457
632|stonks|2020-09-06 02:31:34.267+00|2020-09-06 02:31:34.267+00|2457
633|economy|2020-09-06 02:33:45.78+00|2020-09-06 02:33:45.78+00|2339
634|economy|2020-09-06 02:34:39.625+00|2020-09-06 02:34:39.625+00|2339
635|COVID|2020-09-06 02:46:01.981+00|2020-09-06 02:46:01.981+00|2339
636|COVID|2020-09-06 02:46:19.647+00|2020-09-06 02:46:19.647+00|2339
637|pandemic|2020-09-06 03:01:04.108+00|2020-09-06 03:01:04.108+00|2339
638|Trump|2020-09-06 03:03:27.972+00|2020-09-06 03:03:27.972+00|2339
639|wealth|2020-09-06 03:31:15.498+00|2020-09-06 03:31:15.498+00|2638
640|wealth|2020-09-06 03:40:53.753+00|2020-09-06 03:40:53.753+00|2638
641|wealth|2020-09-06 03:41:05.625+00|2020-09-06 03:41:05.625+00|2638
642|jake|2020-09-06 05:11:49.873+00|2020-09-06 05:11:49.873+00|2333
643|Jamal_8048|2020-09-06 05:42:35.482+00|2020-09-06 05:42:35.482+00|2333
644|Jamal_8048|2020-09-06 05:43:54.738+00|2020-09-06 05:43:54.738+00|2333
645|trump|2020-09-06 10:07:38.076+00|2020-09-06 10:07:38.076+00|2691
646|covid|2020-09-06 10:57:40.758+00|2020-09-06 10:57:40.758+00|2691
647|dow|2020-09-06 11:20:26.025+00|2020-09-06 11:20:26.025+00|2691
648|""|2020-09-06 12:20:52.329+00|2020-09-06 12:20:52.329+00|2390
649|medic|2020-09-06 12:21:46.208+00|2020-09-06 12:21:46.208+00|2390
650|terror|2020-09-06 13:21:07.072+00|2020-09-06 13:21:07.072+00|2387
651|election|2020-09-06 13:31:49.81+00|2020-09-06 13:31:49.81+00|2326
652|covid|2020-09-06 15:21:02.945+00|2020-09-06 15:21:02.945+00|2337
653|healthcare|2020-09-06 15:57:52.163+00|2020-09-06 15:57:52.163+00|2649
654|healthcare|2020-09-06 16:12:24.845+00|2020-09-06 16:12:24.845+00|2649
655|healthcare|2020-09-06 16:19:07.522+00|2020-09-06 16:19:07.522+00|2649
656|trump|2020-09-06 16:22:48.785+00|2020-09-06 16:22:48.785+00|2577
657|""|2020-09-06 16:23:02.281+00|2020-09-06 16:23:02.281+00|2577
658|""|2020-09-06 16:32:08.532+00|2020-09-06 16:32:08.532+00|2618
659|healthcare|2020-09-06 16:35:54.051+00|2020-09-06 16:35:54.051+00|2649
660|""|2020-09-06 16:35:58.377+00|2020-09-06 16:35:58.377+00|2649
661|healthcare|2020-09-06 16:36:01.865+00|2020-09-06 16:36:01.865+00|2649
662|amy|2020-09-06 16:36:06.606+00|2020-09-06 16:36:06.606+00|2618
663|any|2020-09-06 16:36:06.895+00|2020-09-06 16:36:06.895+00|2618
664|""|2020-09-06 16:36:20.846+00|2020-09-06 16:36:20.846+00|2618
665|Animals|2020-09-06 17:18:36.407+00|2020-09-06 17:18:36.407+00|2703
666|dowjones|2020-09-06 17:20:09.416+00|2020-09-06 17:20:09.416+00|2541
667|malik_3915|2020-09-06 18:46:48.343+00|2020-09-06 18:46:48.343+00|2540
668|malik_3915|2020-09-06 18:47:06.782+00|2020-09-06 18:47:06.782+00|2540
669|ambiente|2020-09-06 19:38:55.688+00|2020-09-06 19:38:55.688+00|2620
670|""|2020-09-06 19:39:00.311+00|2020-09-06 19:39:00.311+00|2620
671|jamal_8048|2020-09-06 20:45:17.847+00|2020-09-06 20:45:17.847+00|2333
672|Wealth|2020-09-06 20:45:52.162+00|2020-09-06 20:45:52.162+00|2638
673|Wealth|2020-09-06 20:46:05.704+00|2020-09-06 20:46:05.704+00|2638
674|tax|2020-09-06 20:46:16.439+00|2020-09-06 20:46:16.439+00|2638
675|taxes|2020-09-06 20:46:23.464+00|2020-09-06 20:46:23.464+00|2638
676|covid|2020-09-06 20:46:46.867+00|2020-09-06 20:46:46.867+00|2333
677|taxes|2020-09-06 20:47:12.563+00|2020-09-06 20:47:12.563+00|2638
678|tax|2020-09-06 20:47:24.382+00|2020-09-06 20:47:24.382+00|2638
679|wealth|2020-09-06 20:51:09.079+00|2020-09-06 20:51:09.079+00|2638
680|tax|2020-09-06 20:52:57.562+00|2020-09-06 20:52:57.562+00|2638
681|politics|2020-09-06 20:53:09.686+00|2020-09-06 20:53:09.686+00|2638
682|dow|2020-09-06 20:56:47.231+00|2020-09-06 20:56:47.231+00|2638
683|americafirst|2020-09-06 21:07:37.019+00|2020-09-06 21:07:37.019+00|2610
684|covid|2020-09-06 21:23:46.293+00|2020-09-06 21:23:46.293+00|2655
685|terriost|2020-09-06 23:18:09.165+00|2020-09-06 23:18:09.165+00|2714
686|terrorist|2020-09-06 23:18:25.777+00|2020-09-06 23:18:25.777+00|2714
687|terrorist|2020-09-06 23:20:29.811+00|2020-09-06 23:20:29.811+00|2714
688|tax|2020-09-06 23:21:19.983+00|2020-09-06 23:21:19.983+00|2714
689|tax|2020-09-06 23:27:05.551+00|2020-09-06 23:27:05.551+00|2714
690|tax|2020-09-06 23:27:11.017+00|2020-09-06 23:27:11.017+00|2714
691|tax|2020-09-06 23:27:11.352+00|2020-09-06 23:27:11.352+00|2714
692|tax|2020-09-06 23:29:51.677+00|2020-09-06 23:29:51.677+00|2714
693|jones|2020-09-06 23:34:48.935+00|2020-09-06 23:34:48.935+00|2714
694|dow|2020-09-06 23:34:56.504+00|2020-09-06 23:34:56.504+00|2714
695|dow|2020-09-06 23:45:41.979+00|2020-09-06 23:45:41.979+00|2714
696|terrorist|2020-09-06 23:47:46.628+00|2020-09-06 23:47:46.628+00|2714
697|terrorist|2020-09-06 23:52:22.428+00|2020-09-06 23:52:22.428+00|2714
698|terrorist|2020-09-06 23:53:04.066+00|2020-09-06 23:53:04.066+00|2714
699|tax|2020-09-07 00:07:36.584+00|2020-09-07 00:07:36.584+00|2714
700|COVID|2020-09-07 01:05:38.051+00|2020-09-07 01:05:38.051+00|2339
701|Earth|2020-09-07 01:35:36.171+00|2020-09-07 01:35:36.171+00|2703
702|climate|2020-09-07 01:35:43.647+00|2020-09-07 01:35:43.647+00|2703
703|environment|2020-09-07 01:35:56.206+00|2020-09-07 01:35:56.206+00|2703
704|nuclear|2020-09-07 02:02:59.023+00|2020-09-07 02:02:59.023+00|2610
705|gmo|2020-09-07 02:40:26.592+00|2020-09-07 02:40:26.592+00|2702
706|gmo|2020-09-07 02:40:28.436+00|2020-09-07 02:40:28.436+00|2702
707|corona|2020-09-07 02:40:39.252+00|2020-09-07 02:40:39.252+00|2702
708|bill|2020-09-07 02:40:51.253+00|2020-09-07 02:40:51.253+00|2702
709|government|2020-09-07 02:41:35.285+00|2020-09-07 02:41:35.285+00|2702
710|wealth|2020-09-07 02:59:38.594+00|2020-09-07 02:59:38.594+00|2709
711|terrorist|2020-09-07 03:01:50.851+00|2020-09-07 03:01:50.851+00|2702
712|covid|2020-09-07 03:04:14.968+00|2020-09-07 03:04:14.968+00|2702
713|covid|2020-09-07 03:17:20.155+00|2020-09-07 03:17:20.155+00|2702
714|covid|2020-09-07 03:22:47.32+00|2020-09-07 03:22:47.32+00|2702
715|gmo|2020-09-07 03:23:04.691+00|2020-09-07 03:23:04.691+00|2702
716|covid|2020-09-07 03:31:41.716+00|2020-09-07 03:31:41.716+00|2702
717|terror|2020-09-07 03:31:51.105+00|2020-09-07 03:31:51.105+00|2702
718|terror|2020-09-07 03:36:55.327+00|2020-09-07 03:36:55.327+00|2702
719|terror|2020-09-07 03:41:19.401+00|2020-09-07 03:41:19.401+00|2702
720|terror|2020-09-07 03:43:18.775+00|2020-09-07 03:43:18.775+00|2702
721|gmo|2020-09-07 03:43:43.59+00|2020-09-07 03:43:43.59+00|2702
722|tax|2020-09-07 03:44:09.8+00|2020-09-07 03:44:09.8+00|2702
723|food|2020-09-07 03:46:28.103+00|2020-09-07 03:46:28.103+00|2702
724|wealth|2020-09-07 03:59:00.956+00|2020-09-07 03:59:00.956+00|2709
725|wealth|2020-09-07 03:59:31.682+00|2020-09-07 03:59:31.682+00|2709
726|wealth|2020-09-07 04:00:37.165+00|2020-09-07 04:00:37.165+00|2709
727|covid|2020-09-07 04:06:50.802+00|2020-09-07 04:06:50.802+00|2301
728|stock|2020-09-07 04:52:38.472+00|2020-09-07 04:52:38.472+00|2654
729|gmo|2020-09-07 04:53:34.512+00|2020-09-07 04:53:34.512+00|2654
730|finance|2020-09-07 04:53:45.689+00|2020-09-07 04:53:45.689+00|2654
731|stock|2020-09-07 04:53:57.428+00|2020-09-07 04:53:57.428+00|2654
732|How active of a role should the United States play in world affairs|2020-09-07 05:40:26.19+00|2020-09-07 05:40:26.19+00|2719
733|How active of a role should the United States play in world affairs|2020-09-07 05:40:29.777+00|2020-09-07 05:40:29.777+00|2719
734|cov|2020-09-07 05:43:54.053+00|2020-09-07 05:43:54.053+00|2709
735|covid|2020-09-07 05:43:59.638+00|2020-09-07 05:43:59.638+00|2709
736|covid|2020-09-07 05:44:32.746+00|2020-09-07 05:44:32.746+00|2709
737|economy|2020-09-07 05:50:06.325+00|2020-09-07 05:50:06.325+00|2749
738|nuclear energy|2020-09-07 05:50:12.179+00|2020-09-07 05:50:12.179+00|2719
739|covid|2020-09-07 06:13:17.646+00|2020-09-07 06:13:17.646+00|2348
740|covid|2020-09-07 06:14:30.71+00|2020-09-07 06:14:30.71+00|2348
741|dow|2020-09-07 06:24:58.517+00|2020-09-07 06:24:58.517+00|2543
742|covid|2020-09-07 06:29:54.938+00|2020-09-07 06:29:54.938+00|2540
743|covid|2020-09-07 06:30:31.665+00|2020-09-07 06:30:31.665+00|2540
744|trump|2020-09-07 06:54:56.843+00|2020-09-07 06:54:56.843+00|2326
745|election|2020-09-07 06:55:46.129+00|2020-09-07 06:55:46.129+00|2326
746|election|2020-09-07 06:59:37.544+00|2020-09-07 06:59:37.544+00|2326
747|covid|2020-09-07 07:01:21.32+00|2020-09-07 07:01:21.32+00|2326
748|corona|2020-09-07 07:10:25.927+00|2020-09-07 07:10:25.927+00|2326
749|covid|2020-09-07 07:14:50.433+00|2020-09-07 07:14:50.433+00|2702
750|covid|2020-09-07 08:46:09.581+00|2020-09-07 08:46:09.581+00|2540
751|covid|2020-09-07 08:47:48.987+00|2020-09-07 08:47:48.987+00|2540
752|covid|2020-09-07 08:48:11.18+00|2020-09-07 08:48:11.18+00|2543
753|covid|2020-09-07 08:55:10.314+00|2020-09-07 08:55:10.314+00|2543
754|labor day|2020-09-07 09:47:05.226+00|2020-09-07 09:47:05.226+00|2750
755|laborday|2020-09-07 09:47:13.662+00|2020-09-07 09:47:13.662+00|2750
756|covid|2020-09-07 09:53:36.669+00|2020-09-07 09:53:36.669+00|2541
757|Willie|2020-09-07 09:54:26.089+00|2020-09-07 09:54:26.089+00|2388
758|covid|2020-09-07 09:55:01.822+00|2020-09-07 09:55:01.822+00|2541
759|willie|2020-09-07 09:57:38.671+00|2020-09-07 09:57:38.671+00|2388
760|covid|2020-09-07 11:00:11.156+00|2020-09-07 11:00:11.156+00|2543
761|covid|2020-09-07 11:00:38.624+00|2020-09-07 11:00:38.624+00|2543
762|dow|2020-09-07 11:39:36.354+00|2020-09-07 11:39:36.354+00|2541
763|international|2020-09-07 11:40:10.548+00|2020-09-07 11:40:10.548+00|2541
764|global|2020-09-07 11:42:09.054+00|2020-09-07 11:42:09.054+00|2541
765|""|2020-09-07 11:43:16.392+00|2020-09-07 11:43:16.392+00|2541
766|dow|2020-09-07 12:14:03.357+00|2020-09-07 12:14:03.357+00|2544
767|global warming|2020-09-07 12:20:30.409+00|2020-09-07 12:20:30.409+00|2389
768|allison|2020-09-07 12:21:19.974+00|2020-09-07 12:21:19.974+00|2389
769|economy|2020-09-07 12:21:57.779+00|2020-09-07 12:21:57.779+00|2389
770|dow|2020-09-07 12:25:23.091+00|2020-09-07 12:25:23.091+00|2543
771|dow|2020-09-07 12:25:33.097+00|2020-09-07 12:25:33.097+00|2543
772|dow|2020-09-07 12:27:04.976+00|2020-09-07 12:27:04.976+00|2543
773|allison 3206|2020-09-07 12:32:42.486+00|2020-09-07 12:32:42.486+00|2390
774|willie_4763|2020-09-07 12:40:58.695+00|2020-09-07 12:40:58.695+00|2389
775|covid|2020-09-07 12:41:46.971+00|2020-09-07 12:41:46.971+00|2544
776|willie_4763|2020-09-07 12:42:25.772+00|2020-09-07 12:42:25.772+00|2389
777|Covid|2020-09-07 12:48:04.573+00|2020-09-07 12:48:04.573+00|2317
778|Jamal_4475|2020-09-07 12:49:44.575+00|2020-09-07 12:49:44.575+00|2389
779|Malik_7556|2020-09-07 12:50:14.153+00|2020-09-07 12:50:14.153+00|2389
780|Malik_7556|2020-09-07 12:56:26.829+00|2020-09-07 12:56:26.829+00|2389
781|allison_2018|2020-09-07 13:21:35.611+00|2020-09-07 13:21:35.611+00|2391
782|Allison_2018|2020-09-07 13:30:59.904+00|2020-09-07 13:30:59.904+00|2391
783|jacob_1907|2020-09-07 13:49:48.918+00|2020-09-07 13:49:48.918+00|1976
784|Jacob_1907|2020-09-07 13:50:08.129+00|2020-09-07 13:50:08.129+00|1976
785|Jacob_1907|2020-09-07 13:50:26.958+00|2020-09-07 13:50:26.958+00|1976
786|""|2020-09-07 13:52:50.074+00|2020-09-07 13:52:50.074+00|2358
787|green|2020-09-07 13:55:14.379+00|2020-09-07 13:55:14.379+00|2593
788|Allison_3206|2020-09-07 14:00:26.421+00|2020-09-07 14:00:26.421+00|2391
789|Allison_3206|2020-09-07 14:02:40.09+00|2020-09-07 14:02:40.09+00|2391
790|jacbo|2020-09-07 14:21:03.228+00|2020-09-07 14:21:03.228+00|1976
791|jacob|2020-09-07 14:21:05.052+00|2020-09-07 14:21:05.052+00|1976
792|""|2020-09-07 14:39:14.615+00|2020-09-07 14:39:14.615+00|2588
793|te|2020-09-07 14:39:55.241+00|2020-09-07 14:39:55.241+00|1976
794|jaco|2020-09-07 14:39:57.59+00|2020-09-07 14:39:57.59+00|1976
795|covid|2020-09-07 14:40:05.871+00|2020-09-07 14:40:05.871+00|1976
796|""|2020-09-07 14:41:07.173+00|2020-09-07 14:41:07.173+00|2588
797|medicare|2020-09-07 14:44:03.693+00|2020-09-07 14:44:03.693+00|2588
798|econo|2020-09-07 14:49:19.937+00|2020-09-07 14:49:19.937+00|2620
799|Willie_3206|2020-09-07 14:51:24.696+00|2020-09-07 14:51:24.696+00|2391
800|ambient|2020-09-07 14:51:43.612+00|2020-09-07 14:51:43.612+00|2620
801|Willie_4763|2020-09-07 14:51:58.528+00|2020-09-07 14:51:58.528+00|2391
802|Economy|2020-09-07 14:52:15.364+00|2020-09-07 14:52:15.364+00|2620
803|eeuu|2020-09-07 14:55:54.804+00|2020-09-07 14:55:54.804+00|2620
804|mundi|2020-09-07 14:56:06.114+00|2020-09-07 14:56:06.114+00|2620
805|mundial|2020-09-07 14:56:19.143+00|2020-09-07 14:56:19.143+00|2620
806|world|2020-09-07 14:56:36.388+00|2020-09-07 14:56:36.388+00|2620
807|too much|2020-09-07 14:58:48.095+00|2020-09-07 14:58:48.095+00|2588
808|word|2020-09-07 14:59:35.511+00|2020-09-07 14:59:35.511+00|2620
809|word|2020-09-07 14:59:38.884+00|2020-09-07 14:59:38.884+00|2620
810|word|2020-09-07 14:59:58.34+00|2020-09-07 14:59:58.34+00|2620
811|""|2020-09-07 15:00:01.761+00|2020-09-07 15:00:01.761+00|2620
812|kathryn|2020-09-07 15:00:42.644+00|2020-09-07 15:00:42.644+00|2558
813|jack|2020-09-07 15:01:24.551+00|2020-09-07 15:01:24.551+00|2558
814|bradley|2020-09-07 15:01:45.281+00|2020-09-07 15:01:45.281+00|2558
815|molly|2020-09-07 15:02:42.113+00|2020-09-07 15:02:42.113+00|2558
816|emily|2020-09-07 15:02:53.294+00|2020-09-07 15:02:53.294+00|2558
817|jacob|2020-09-07 15:13:06.087+00|2020-09-07 15:13:06.087+00|2559
818|jack|2020-09-07 15:15:09.402+00|2020-09-07 15:15:09.402+00|2559
819|bradley|2020-09-07 15:15:28.628+00|2020-09-07 15:15:28.628+00|2559
820|Allison_2018|2020-09-07 15:22:10.169+00|2020-09-07 15:22:10.169+00|2391
821|jacob|2020-09-07 15:24:30.375+00|2020-09-07 15:24:30.375+00|2560
822|Malik_7556|2020-09-07 15:24:43.191+00|2020-09-07 15:24:43.191+00|2391
823|kathryn|2020-09-07 15:26:01.18+00|2020-09-07 15:26:01.18+00|2560
824|government|2020-09-07 15:29:46.59+00|2020-09-07 15:29:46.59+00|2588
825|molly|2020-09-07 15:47:56.772+00|2020-09-07 15:47:56.772+00|2563
826|bradley|2020-09-07 15:48:26.547+00|2020-09-07 15:48:26.547+00|2563
827|Allison_3206|2020-09-07 15:48:48.34+00|2020-09-07 15:48:48.34+00|2390
828|covid|2020-09-07 16:24:58.577+00|2020-09-07 16:24:58.577+00|2545
829|dow|2020-09-07 16:33:58.282+00|2020-09-07 16:33:58.282+00|2543
830|dow|2020-09-07 16:47:49.291+00|2020-09-07 16:47:49.291+00|2543
831|jacob|2020-09-07 17:28:47.79+00|2020-09-07 17:28:47.79+00|1976
832|Healthcare|2020-09-07 17:33:57.89+00|2020-09-07 17:33:57.89+00|2649
833|Medicare|2020-09-07 17:34:44.289+00|2020-09-07 17:34:44.289+00|2649
834|covid|2020-09-07 17:40:40.185+00|2020-09-07 17:40:40.185+00|2541
835|covid|2020-09-07 17:41:44.768+00|2020-09-07 17:41:44.768+00|2545
836|covid|2020-09-07 17:43:42.35+00|2020-09-07 17:43:42.35+00|2541
837|dow|2020-09-07 17:47:53.36+00|2020-09-07 17:47:53.36+00|2541
838|corona|2020-09-07 17:49:36.239+00|2020-09-07 17:49:36.239+00|2702
839|dow|2020-09-07 17:49:37.031+00|2020-09-07 17:49:37.031+00|2655
840|Gno|2020-09-07 17:50:39.959+00|2020-09-07 17:50:39.959+00|2649
841|Gmo|2020-09-07 17:50:47.759+00|2020-09-07 17:50:47.759+00|2649
842|covid|2020-09-07 17:51:24.339+00|2020-09-07 17:51:24.339+00|2541
843|covid|2020-09-07 17:59:19.444+00|2020-09-07 17:59:19.444+00|2337
844|Dow|2020-09-07 17:59:19.445+00|2020-09-07 17:59:19.445+00|2649
846|dow|2020-09-07 18:13:12.179+00|2020-09-07 18:13:12.179+00|2541
847|dow|2020-09-07 18:27:39.656+00|2020-09-07 18:27:39.656+00|2655
848|covid|2020-09-07 18:32:43.039+00|2020-09-07 18:32:43.039+00|2655
849|covid|2020-09-07 18:35:03.075+00|2020-09-07 18:35:03.075+00|2655
850|word|2020-09-07 18:53:00.314+00|2020-09-07 18:53:00.314+00|2620
851|""|2020-09-07 18:53:05.049+00|2020-09-07 18:53:05.049+00|2620
852|Economy|2020-09-07 18:53:25.256+00|2020-09-07 18:53:25.256+00|2620
853|""|2020-09-07 18:54:44.81+00|2020-09-07 18:54:44.81+00|2620
854|""|2020-09-07 18:56:35.022+00|2020-09-07 18:56:35.022+00|2620
855|Allison_3206|2020-09-07 19:35:05.822+00|2020-09-07 19:35:05.822+00|2387
856|willie_4763|2020-09-07 19:50:04.803+00|2020-09-07 19:50:04.803+00|2387
857|willie_4763|2020-09-07 19:52:11.311+00|2020-09-07 19:52:11.311+00|2387
858|Allison_3206|2020-09-07 20:25:10.187+00|2020-09-07 20:25:10.187+00|2387
859|Jamal_4473|2020-09-07 20:26:14.702+00|2020-09-07 20:26:14.702+00|2387
860|Allison_3341|2020-09-07 20:40:24.451+00|2020-09-07 20:40:24.451+00|2701
861|wealth|2020-09-07 20:50:05.415+00|2020-09-07 20:50:05.415+00|2593
862|tax|2020-09-07 20:54:05.001+00|2020-09-07 20:54:05.001+00|2638
863|taxes|2020-09-07 20:55:27.17+00|2020-09-07 20:55:27.17+00|2638
864|taxes|2020-09-07 20:55:28.975+00|2020-09-07 20:55:28.975+00|2638
865|wealth|2020-09-07 20:55:39.178+00|2020-09-07 20:55:39.178+00|2638
866|nuclear|2020-09-07 20:58:15.967+00|2020-09-07 20:58:15.967+00|2655
867|Willie_4763|2020-09-07 20:58:45.378+00|2020-09-07 20:58:45.378+00|2388
868|wealth|2020-09-07 21:01:35.577+00|2020-09-07 21:01:35.577+00|2638
869|gmo|2020-09-07 21:22:38.799+00|2020-09-07 21:22:38.799+00|2275
870|portland|2020-09-07 21:39:49.597+00|2020-09-07 21:39:49.597+00|2275
871|portland|2020-09-07 21:40:04.541+00|2020-09-07 21:40:04.541+00|2275
872|Jamal_4475|2020-09-07 21:41:11.296+00|2020-09-07 21:41:11.296+00|2388
873|Jamal_4475|2020-09-07 21:41:18.169+00|2020-09-07 21:41:18.169+00|2388
874|stocks|2020-09-07 21:41:28.355+00|2020-09-07 21:41:28.355+00|2275
875|Malik_7556|2020-09-07 21:41:49.298+00|2020-09-07 21:41:49.298+00|2388
876|election|2020-09-07 21:44:20.7+00|2020-09-07 21:44:20.7+00|2275
877|democrats|2020-09-07 21:46:12.979+00|2020-09-07 21:46:12.979+00|2275
878|biden|2020-09-07 21:46:18.198+00|2020-09-07 21:46:18.198+00|2275
879|biden|2020-09-07 21:46:22.911+00|2020-09-07 21:46:22.911+00|2275
880|trump|2020-09-07 21:46:27.076+00|2020-09-07 21:46:27.076+00|2275
881|Malik_7556|2020-09-07 21:54:29.815+00|2020-09-07 21:54:29.815+00|2388
882|world affairs|2020-09-07 21:55:00.85+00|2020-09-07 21:55:00.85+00|2655
883|foreign affairs|2020-09-07 21:55:12.473+00|2020-09-07 21:55:12.473+00|2655
884|foreign|2020-09-07 21:55:20.09+00|2020-09-07 21:55:20.09+00|2655
885|international|2020-09-07 21:55:47.117+00|2020-09-07 21:55:47.117+00|2655
886|economy|2020-09-07 22:03:44.56+00|2020-09-07 22:03:44.56+00|2275
887|Jamal_4475|2020-09-07 22:07:31.382+00|2020-09-07 22:07:31.382+00|2388
888|Jamal_4475|2020-09-07 22:08:10.269+00|2020-09-07 22:08:10.269+00|2388
889|Jamal_4475|2020-09-07 22:08:33.336+00|2020-09-07 22:08:33.336+00|2388
890|Jamal_4473|2020-09-07 22:09:53.957+00|2020-09-07 22:09:53.957+00|2388
891|Allison_2018|2020-09-07 22:21:23.89+00|2020-09-07 22:21:23.89+00|2388
892|Allison_2018|2020-09-07 22:24:31.624+00|2020-09-07 22:24:31.624+00|2388
893|Jamal_4473|2020-09-07 22:46:11.936+00|2020-09-07 22:46:11.936+00|2388
894|twitter|2020-09-07 22:51:28.364+00|2020-09-07 22:51:28.364+00|2655
895|social media|2020-09-07 22:51:41.337+00|2020-09-07 22:51:41.337+00|2655
896|govern|2020-09-07 23:08:14.121+00|2020-09-07 23:08:14.121+00|2703
897|government|2020-09-07 23:08:35.041+00|2020-09-07 23:08:35.041+00|2703
898|environment|2020-09-07 23:09:34.398+00|2020-09-07 23:09:34.398+00|2703
899|coronavirus|2020-09-07 23:11:49.269+00|2020-09-07 23:11:49.269+00|2703
900|Tanner|2020-09-07 23:15:32.855+00|2020-09-07 23:15:32.855+00|2390
901|vote|2020-09-08 00:12:48.607+00|2020-09-08 00:12:48.607+00|2421
902|terrorist|2020-09-08 00:31:17.174+00|2020-09-08 00:31:17.174+00|2714
903|dow|2020-09-08 00:39:20.271+00|2020-09-08 00:39:20.271+00|2714
904|terrorist|2020-09-08 00:42:37.315+00|2020-09-08 00:42:37.315+00|2714
905|wealth|2020-09-08 00:56:38.126+00|2020-09-08 00:56:38.126+00|2714
906|wealth|2020-09-08 00:59:11.831+00|2020-09-08 00:59:11.831+00|2714
907|stocks|2020-09-08 01:13:00.52+00|2020-09-08 01:13:00.52+00|2457
908|""|2020-09-08 01:17:23.981+00|2020-09-08 01:17:23.981+00|2711
909|environment|2020-09-08 01:50:22.556+00|2020-09-08 01:50:22.556+00|2454
910|economic|2020-09-08 02:01:10.946+00|2020-09-08 02:01:10.946+00|2454
911|economy|2020-09-08 02:01:15.042+00|2020-09-08 02:01:15.042+00|2454
912|health|2020-09-08 02:01:52.068+00|2020-09-08 02:01:52.068+00|2454
913|covid|2020-09-08 02:19:56.858+00|2020-09-08 02:19:56.858+00|2709
914|dow|2020-09-08 04:12:53.479+00|2020-09-08 04:12:53.479+00|2545
915|dow|2020-09-08 04:15:00.097+00|2020-09-08 04:15:00.097+00|2545
916|dow|2020-09-08 05:14:10.992+00|2020-09-08 05:14:10.992+00|2541
917|covid|2020-09-08 06:14:56.132+00|2020-09-08 06:14:56.132+00|2702
918|covid|2020-09-08 06:36:05.168+00|2020-09-08 06:36:05.168+00|2702
919|covid|2020-09-08 06:36:10.43+00|2020-09-08 06:36:10.43+00|2702
920|Amy_3504|2020-09-08 07:21:47.609+00|2020-09-08 07:21:47.609+00|2620
921|Willie_6658|2020-09-08 07:29:54.702+00|2020-09-08 07:29:54.702+00|2620
922|Lucas_391|2020-09-08 07:36:22.749+00|2020-09-08 07:36:22.749+00|2620
923|""|2020-09-08 08:47:25.44+00|2020-09-08 08:47:25.44+00|2454
924|Willie_4763|2020-09-08 11:21:32.887+00|2020-09-08 11:21:32.887+00|2390
925|Allison_3206|2020-09-08 11:28:15.533+00|2020-09-08 11:28:15.533+00|2390
926|Allison_2018|2020-09-08 11:34:14.711+00|2020-09-08 11:34:14.711+00|2390
927|""|2020-09-08 13:59:34.767+00|2020-09-08 13:59:34.767+00|2274
928|willie|2020-09-08 14:00:09.955+00|2020-09-08 14:00:09.955+00|2274
929|coronavirus|2020-09-08 15:10:42.547+00|2020-09-08 15:10:42.547+00|2703
930|environment|2020-09-08 15:15:04.442+00|2020-09-08 15:15:04.442+00|2703
931|protection|2020-09-08 15:16:14.935+00|2020-09-08 15:16:14.935+00|2703
932|world|2020-09-08 15:17:21.177+00|2020-09-08 15:17:21.177+00|2703
933|earth|2020-09-08 15:17:42.795+00|2020-09-08 15:17:42.795+00|2703
934|climate|2020-09-08 15:18:12.992+00|2020-09-08 15:18:12.992+00|2703
935|covid|2020-09-08 16:13:32.996+00|2020-09-08 16:13:32.996+00|2709
