id|like|createdAt|updatedAt|UserId|PostId
48|t|2020-09-03 08:20:57.729+00|2020-09-03 08:20:57.744+00|2443|107
24|t|2020-09-03 02:41:52.323+00|2020-09-03 02:41:52.337+00|2580|98
25|t|2020-09-03 03:12:17.092+00|2020-09-03 03:12:17.101+00|2622|107
77|t|2020-09-03 12:19:24.224+00|2020-09-03 12:19:24.233+00|2481|127
26|t|2020-09-03 03:20:20.992+00|2020-09-03 03:20:21.001+00|2604|100
50|t|2020-09-03 10:30:08.97+00|2020-09-03 10:30:08.981+00|2702|109
27|t|2020-09-03 03:21:04.572+00|2020-09-03 03:21:04.58+00|2622|111
28|t|2020-09-03 03:21:23.009+00|2020-09-03 03:21:23.018+00|2665|93
29|t|2020-09-03 03:22:31.15+00|2020-09-03 03:22:31.161+00|2604|110
51|t|2020-09-03 10:33:57.168+00|2020-09-03 10:33:57.178+00|2702|122
30|t|2020-09-03 03:23:17.068+00|2020-09-03 03:23:17.089+00|2665|109
31|t|2020-09-03 03:23:31.977+00|2020-09-03 03:23:32.013+00|2622|104
101|t|2020-09-03 15:35:32.931+00|2020-09-03 15:35:32.937+00|2603|155
32|t|2020-09-03 03:24:19.117+00|2020-09-03 03:24:19.125+00|2665|106
52|t|2020-09-03 10:57:44.819+00|2020-09-03 10:57:45.231+00|2702|102
78|t|2020-09-03 12:20:56.005+00|2020-09-03 12:20:56.012+00|2545|127
53|t|2020-09-03 11:03:19.5+00|2020-09-03 11:03:19.518+00|2702|110
34|t|2020-09-03 03:37:22.914+00|2020-09-03 03:37:22.927+00|2622|109
35|t|2020-09-03 03:38:07.382+00|2020-09-03 03:38:07.432+00|2622|112
36|t|2020-09-03 04:03:39.898+00|2020-09-03 04:03:39.907+00|2665|114
54|t|2020-09-03 11:04:27.593+00|2020-09-03 11:04:27.605+00|2702|106
37|t|2020-09-03 05:48:40.921+00|2020-09-03 05:48:40.943+00|2540|104
38|t|2020-09-03 05:49:06.83+00|2020-09-03 05:49:06.847+00|2540|100
39|t|2020-09-03 05:56:03.243+00|2020-09-03 05:56:03.258+00|2541|104
55|t|2020-09-03 11:07:11.729+00|2020-09-03 11:07:11.74+00|2750|106
40|t|2020-09-03 06:04:01.72+00|2020-09-03 06:04:01.735+00|2444|93
41|t|2020-09-03 06:07:50.109+00|2020-09-03 06:07:50.131+00|2444|109
79|t|2020-09-03 12:24:16.569+00|2020-09-03 12:24:16.58+00|2481|129
56|t|2020-09-03 11:07:21.039+00|2020-09-03 11:07:21.046+00|2750|110
43|t|2020-09-03 06:10:10.325+00|2020-09-03 06:10:10.365+00|2542|106
57|t|2020-09-03 11:10:13.664+00|2020-09-03 11:10:13.675+00|2750|111
44|t|2020-09-03 06:14:47.214+00|2020-09-03 06:14:47.233+00|2444|107
45|t|2020-09-03 06:14:49.498+00|2020-09-03 06:14:49.513+00|2444|110
46|t|2020-09-03 06:16:19.408+00|2020-09-03 06:16:19.422+00|2444|114
58|t|2020-09-03 11:10:28.795+00|2020-09-03 11:10:28.804+00|2702|128
47|t|2020-09-03 07:46:29.931+00|2020-09-03 07:46:29.947+00|2657|119
80|t|2020-09-03 12:38:40.663+00|2020-09-03 12:38:40.67+00|2481|131
59|t|2020-09-03 11:11:10.732+00|2020-09-03 11:11:10.74+00|2702|131
60|t|2020-09-03 11:11:30.619+00|2020-09-03 11:11:30.627+00|2750|117
102|t|2020-09-03 15:42:37.188+00|2020-09-03 15:42:38.339+00|2577|174
61|t|2020-09-03 11:12:20.202+00|2020-09-03 11:12:21.576+00|2702|127
62|t|2020-09-03 11:12:36.516+00|2020-09-03 11:12:36.522+00|2702|124
63|t|2020-09-03 11:18:10.409+00|2020-09-03 11:18:10.417+00|2750|115
117|t|2020-09-03 18:32:15.501+00|2020-09-03 18:32:15.512+00|2542|117
64|t|2020-09-03 11:20:29.289+00|2020-09-03 11:20:29.296+00|2665|123
82|t|2020-09-03 12:39:19.946+00|2020-09-03 12:39:21.155+00|2481|152
65|t|2020-09-03 11:20:42.344+00|2020-09-03 11:20:42.394+00|2750|112
66|t|2020-09-03 11:22:04.176+00|2020-09-03 11:22:04.183+00|2750|127
103|t|2020-09-03 16:26:48.267+00|2020-09-03 16:26:48.277+00|2603|93
67|t|2020-09-03 11:35:23.418+00|2020-09-03 11:35:23.428+00|2750|133
83|t|2020-09-03 12:50:27.069+00|2020-09-03 12:50:27.079+00|2481|155
68|t|2020-09-03 11:36:14.213+00|2020-09-03 11:36:14.222+00|2750|129
69|t|2020-09-03 11:36:50.373+00|2020-09-03 11:36:50.38+00|2750|116
70|t|2020-09-03 11:42:55.446+00|2020-09-03 11:42:55.456+00|2649|133
84|t|2020-09-03 13:37:24.62+00|2020-09-03 13:37:25.809+00|2623|133
71|t|2020-09-03 11:47:45.098+00|2020-09-03 11:47:45.108+00|2544|111
72|t|2020-09-03 11:47:50.605+00|2020-09-03 11:47:50.613+00|2544|114
196|t|2020-09-03 21:54:31.539+00|2020-09-03 21:54:31.809+00|2667|110
73|t|2020-09-03 11:54:25.105+00|2020-09-03 11:54:25.115+00|2750|114
85|t|2020-09-03 14:38:16.704+00|2020-09-03 14:38:16.715+00|2627|128
74|t|2020-09-03 12:03:28.244+00|2020-09-03 12:03:28.331+00|2544|110
75|t|2020-09-03 12:04:30.862+00|2020-09-03 12:04:30.87+00|2481|140
104|t|2020-09-03 16:35:56.378+00|2020-09-03 16:35:56.385+00|2409|167
86|t|2020-09-03 14:41:37.75+00|2020-09-03 14:41:37.76+00|2627|93
87|t|2020-09-03 14:54:39.236+00|2020-09-03 14:54:40.572+00|2627|109
126|t|2020-09-03 18:55:54.986+00|2020-09-03 18:55:54.998+00|2711|96
88|t|2020-09-03 14:55:54.09+00|2020-09-03 14:55:55.246+00|2627|120
105|t|2020-09-03 16:43:53.559+00|2020-09-03 16:43:53.567+00|2654|203
89|t|2020-09-03 14:55:58.172+00|2020-09-03 14:55:59.318+00|2750|150
106|t|2020-09-03 16:49:40.202+00|2020-09-03 16:49:40.209+00|2654|206
91|t|2020-09-03 15:04:09.199+00|2020-09-03 15:04:09.207+00|2527|173
92|t|2020-09-03 15:04:28.678+00|2020-09-03 15:04:28.687+00|2627|130
93|t|2020-09-03 15:05:40.932+00|2020-09-03 15:05:40.94+00|2527|174
107|t|2020-09-03 16:50:21.752+00|2020-09-03 16:50:22.936+00|2654|207
94|t|2020-09-03 15:06:21.654+00|2020-09-03 15:06:21.662+00|2627|129
95|t|2020-09-03 15:06:41.466+00|2020-09-03 15:06:41.473+00|2627|127
96|t|2020-09-03 15:25:03.732+00|2020-09-03 15:25:03.747+00|2627|140
108|t|2020-09-03 18:07:01.544+00|2020-09-03 18:07:02.186+00|2687|202
97|t|2020-09-03 15:28:24.537+00|2020-09-03 15:28:24.546+00|2531|179
98|t|2020-09-03 15:31:26.652+00|2020-09-03 15:31:27.801+00|2529|179
119|t|2020-09-03 18:40:20.117+00|2020-09-03 18:40:20.133+00|2711|127
99|t|2020-09-03 15:33:30.636+00|2020-09-03 15:33:31.616+00|2627|133
109|t|2020-09-03 18:07:25.168+00|2020-09-03 18:07:25.187+00|2687|150
100|t|2020-09-03 15:33:46.269+00|2020-09-03 15:33:46.286+00|2627|111
198|t|2020-09-03 22:07:15.33+00|2020-09-03 22:07:24.478+00|2454|109
110|t|2020-09-03 18:09:03.24+00|2020-09-03 18:09:06.232+00|2687|135
127|t|2020-09-03 18:59:46.486+00|2020-09-03 18:59:47.774+00|2711|120
111|t|2020-09-03 18:11:06.15+00|2020-09-03 18:11:09.877+00|2687|240
112|t|2020-09-03 18:11:14.587+00|2020-09-03 18:11:20.386+00|2687|239
113|t|2020-09-03 18:11:17.941+00|2020-09-03 18:11:26.253+00|2687|136
134|t|2020-09-03 19:06:09.834+00|2020-09-03 19:06:09.841+00|2658|218
128|t|2020-09-03 19:01:53.667+00|2020-09-03 19:01:53.676+00|2658|98
121|t|2020-09-03 18:47:27.631+00|2020-09-03 18:47:27.642+00|2711|97
115|t|2020-09-03 18:14:50.97+00|2020-09-03 18:14:53.561+00|2711|102
116|t|2020-09-03 18:19:16.072+00|2020-09-03 18:21:09.079+00|2528|179
122|t|2020-09-03 18:48:09.348+00|2020-09-03 18:48:10.066+00|2610|96
129|t|2020-09-03 19:02:07.685+00|2020-09-03 19:02:07.693+00|2658|96
123|t|2020-09-03 18:51:12.051+00|2020-09-03 18:51:12.117+00|2610|110
124|t|2020-09-03 18:51:38.985+00|2020-09-03 18:51:38.995+00|2610|129
125|t|2020-09-03 18:54:09.505+00|2020-09-03 18:54:09.513+00|2610|112
135|t|2020-09-03 19:06:11.451+00|2020-09-03 19:06:11.458+00|2658|214
131|t|2020-09-03 19:03:22.539+00|2020-09-03 19:03:23.406+00|2658|107
132|t|2020-09-03 19:04:40.056+00|2020-09-03 19:04:42.55+00|2540|106
139|t|2020-09-03 19:16:01.124+00|2020-09-03 19:16:01.132+00|2544|169
133|t|2020-09-03 19:06:08.195+00|2020-09-03 19:06:08.204+00|2658|250
137|t|2020-09-03 19:10:46.682+00|2020-09-03 19:10:46.693+00|2658|252
140|t|2020-09-03 19:20:51.008+00|2020-09-03 19:20:51.055+00|2658|255
138|t|2020-09-03 19:11:09.284+00|2020-09-03 19:11:09.295+00|2544|150
145|t|2020-09-03 19:35:04.064+00|2020-09-03 19:35:05.475+00|2545|96
143|t|2020-09-03 19:21:56.803+00|2020-09-03 19:22:01.14+00|2620|96
146|t|2020-09-03 19:35:12.483+00|2020-09-03 19:35:12.49+00|2545|129
148|t|2020-09-03 19:49:12.06+00|2020-09-03 19:49:13.209+00|2655|98
149|t|2020-09-03 19:49:55.695+00|2020-09-03 19:49:58.219+00|2702|93
150|t|2020-09-03 19:53:32.068+00|2020-09-03 19:53:32.08+00|2636|109
151|t|2020-09-03 19:53:58.402+00|2020-09-03 19:53:59.519+00|2636|93
152|t|2020-09-03 19:53:59.964+00|2020-09-03 19:53:59.983+00|2636|127
153|t|2020-09-03 19:54:04.49+00|2020-09-03 19:54:04.497+00|2636|129
154|t|2020-09-03 19:54:16.329+00|2020-09-03 19:54:16.338+00|2636|114
155|t|2020-09-03 19:54:18.679+00|2020-09-03 19:54:19.868+00|2636|150
157|t|2020-09-03 19:54:30.514+00|2020-09-03 19:54:32.144+00|2636|102
156|t|2020-09-03 19:54:25.43+00|2020-09-03 19:54:29.816+00|2636|94
158|t|2020-09-03 19:54:33.2+00|2020-09-03 19:54:39.063+00|2636|115
159|t|2020-09-03 19:54:36.5+00|2020-09-03 19:54:39.087+00|2636|112
160|t|2020-09-03 19:54:40.836+00|2020-09-03 19:54:41.906+00|2636|100
197|t|2020-09-03 22:01:00.384+00|2020-09-03 22:01:00.475+00|2667|107
200|t|2020-09-03 22:14:28.23+00|2020-09-03 22:14:29.613+00|2391|109
201|t|2020-09-03 22:14:52.449+00|2020-09-03 22:14:53.393+00|2391|127
208|t|2020-09-03 22:38:40.166+00|2020-09-03 22:38:46.058+00|2714|109
202|t|2020-09-03 22:14:56.3+00|2020-09-03 22:14:56.308+00|2391|133
203|t|2020-09-03 22:15:13.741+00|2020-09-03 22:15:15.238+00|2391|150
204|t|2020-09-03 22:15:30.85+00|2020-09-03 22:15:34.16+00|2391|106
210|t|2020-09-03 22:42:41.945+00|2020-09-03 22:42:43.08+00|2654|418
205|t|2020-09-03 22:20:52.079+00|2020-09-03 22:20:52.09+00|2701|112
252|t|2020-09-04 06:13:54.916+00|2020-09-04 06:13:55.89+00|2442|482
207|t|2020-09-03 22:34:22.14+00|2020-09-03 22:34:23.451+00|2654|96
212|t|2020-09-03 23:20:05.266+00|2020-09-03 23:20:25.005+00|2610|127
214|t|2020-09-03 23:25:00.71+00|2020-09-03 23:25:00.735+00|2714|150
216|t|2020-09-03 23:28:29.366+00|2020-09-03 23:28:29.376+00|2714|120
254|t|2020-09-04 06:51:42.204+00|2020-09-04 06:51:44.401+00|2709|104
218|t|2020-09-04 01:04:25.1+00|2020-09-04 01:04:30.122+00|2608|109
220|t|2020-09-04 01:11:49.185+00|2020-09-04 01:11:49.185+00||
319|t|2020-09-04 14:41:35.681+00|2020-09-04 14:41:35.795+00|2703|128
223|t|2020-09-04 01:12:39.833+00|2020-09-04 01:13:25.221+00|2575|150
222|t|2020-09-04 01:12:37.174+00|2020-09-04 01:13:25.221+00|2575|96
256|t|2020-09-04 07:33:56.861+00|2020-09-04 07:33:56.87+00|2750|441
226|t|2020-09-04 01:13:14.444+00|2020-09-04 01:13:25.464+00|2575|111
228|t|2020-09-04 01:13:17.682+00|2020-09-04 01:13:25.585+00|2575|106
230|t|2020-09-04 01:13:23.469+00|2020-09-04 01:13:25.667+00|2575|97
258|t|2020-09-04 07:34:39.464+00|2020-09-04 07:34:39.471+00|2542|171
233|t|2020-09-04 01:19:48.527+00|2020-09-04 01:19:48.536+00|2658|452
235|t|2020-09-04 01:22:34.703+00|2020-09-04 01:22:34.71+00|2575|455
355|t|2020-09-04 15:25:02.705+00|2020-09-04 15:25:02.711+00|2529|291
237|t|2020-09-04 01:27:03.551+00|2020-09-04 01:27:41.857+00|2723|94
262|t|2020-09-04 07:53:23+00|2020-09-04 07:53:23.009+00|2542|261
240|t|2020-09-04 01:38:34.601+00|2020-09-04 01:38:54.73+00|2608|110
242|t|2020-09-04 01:46:55.625+00|2020-09-04 01:46:58.173+00|2608|123
320|t|2020-09-04 14:43:25.577+00|2020-09-04 14:43:25.587+00|2703|441
244|t|2020-09-04 02:26:39.767+00|2020-09-04 02:27:17.736+00|2718|107
264|t|2020-09-04 09:05:32.738+00|2020-09-04 09:05:32.746+00|2688|479
246|t|2020-09-04 03:20:11.056+00|2020-09-04 03:20:11.101+00|2628|114
248|t|2020-09-04 05:06:20.604+00|2020-09-04 05:06:23.411+00|2628|98
250|t|2020-09-04 05:59:09.391+00|2020-09-04 05:59:10.575+00|2545|115
266|t|2020-09-04 09:05:36.489+00|2020-09-04 09:05:36.496+00|2688|476
269|t|2020-09-04 11:25:10.623+00|2020-09-04 11:25:49.485+00|2623|97
322|t|2020-09-04 14:50:53.184+00|2020-09-04 14:50:53.19+00|2389|215
271|t|2020-09-04 12:28:11.756+00|2020-09-04 12:28:11.765+00|2649|203
273|t|2020-09-04 13:18:52.059+00|2020-09-04 13:18:53.09+00|2629|150
274|t|2020-09-04 13:19:02.316+00|2020-09-04 13:19:02.332+00|2629|111
324|t|2020-09-04 14:51:40.841+00|2020-09-04 14:51:40.849+00|2389|406
276|t|2020-09-04 13:48:16.688+00|2020-09-04 13:48:16.697+00|2627|264
278|t|2020-09-04 13:52:23.039+00|2020-09-04 13:52:23.045+00|2667|482
356|t|2020-09-04 15:25:07.029+00|2020-09-04 15:25:08.221+00|2529|288
280|t|2020-09-04 13:55:32.12+00|2020-09-04 13:55:32.126+00|2667|174
326|t|2020-09-04 14:55:40.616+00|2020-09-04 14:55:40.624+00|2667|207
283|t|2020-09-04 13:56:31.33+00|2020-09-04 13:56:32.439+00|2667|169
285|t|2020-09-04 14:00:33.772+00|2020-09-04 14:00:33.782+00|2667|251
287|t|2020-09-04 14:01:21.402+00|2020-09-04 14:01:21.411+00|2667|240
329|t|2020-09-04 15:06:22.183+00|2020-09-04 15:06:22.19+00|2687|171
289|t|2020-09-04 14:05:45.115+00|2020-09-04 14:05:45.329+00|2527|406
291|t|2020-09-04 14:07:44.03+00|2020-09-04 14:07:44.036+00|2527|441
380|t|2020-09-04 16:51:38.459+00|2020-09-04 16:51:39.41+00|2543|218
294|t|2020-09-04 14:09:51.128+00|2020-09-04 14:09:51.134+00|2529|174
331|t|2020-09-04 15:07:41.137+00|2020-09-04 15:07:41.145+00|2691|264
296|t|2020-09-04 14:12:13.183+00|2020-09-04 14:12:13.19+00|2654|501
298|t|2020-09-04 14:12:58.609+00|2020-09-04 14:12:58.616+00|2654|545
358|t|2020-09-04 15:27:16.305+00|2020-09-04 15:27:19.104+00|2701|406
300|t|2020-09-04 14:13:23.727+00|2020-09-04 14:13:23.733+00|2654|414
302|t|2020-09-04 14:14:51.525+00|2020-09-04 14:14:51.534+00|2654|169
305|t|2020-09-04 14:19:15.934+00|2020-09-04 14:19:15.942+00|2391|264
307|t|2020-09-04 14:26:04.519+00|2020-09-04 14:26:04.526+00|2575|554
336|t|2020-09-04 15:12:23.199+00|2020-09-04 15:12:23.207+00|2691|576
309|t|2020-09-04 14:29:49.25+00|2020-09-04 14:29:49.258+00|2575|555
311|t|2020-09-04 14:30:58.179+00|2020-09-04 14:30:58.186+00|2391|240
360|t|2020-09-04 15:29:25.76+00|2020-09-04 15:29:25.776+00|2701|264
313|t|2020-09-04 14:40:42.607+00|2020-09-04 14:40:42.622+00|2703|537
337|t|2020-09-04 15:12:27.779+00|2020-09-04 15:12:27.785+00|2691|574
315|t|2020-09-04 14:40:59.01+00|2020-09-04 14:40:59.016+00|2703|432
317|t|2020-09-04 14:41:19.672+00|2020-09-04 14:41:19.678+00|2703|290
339|t|2020-09-04 15:12:31.393+00|2020-09-04 15:12:31.399+00|2691|571
362|t|2020-09-04 15:36:57.135+00|2020-09-04 15:36:57.143+00|2701|240
341|t|2020-09-04 15:12:38.324+00|2020-09-04 15:12:38.879+00|2691|568
343|t|2020-09-04 15:17:37.318+00|2020-09-04 15:17:37.318+00||
345|t|2020-09-04 15:20:43.319+00|2020-09-04 15:20:43.326+00|2531|581
382|t|2020-09-04 16:59:33.82+00|2020-09-04 16:59:33.828+00|2543|488
346|t|2020-09-04 15:20:47.969+00|2020-09-04 15:20:47.975+00|2531|291
364|t|2020-09-04 15:37:44.498+00|2020-09-04 15:37:44.504+00|2701|167
347|t|2020-09-04 15:20:54.331+00|2020-09-04 15:20:55.462+00|2531|290
350|t|2020-09-04 15:22:42.277+00|2020-09-04 15:22:42.283+00|2529|290
352|t|2020-09-04 15:24:07.357+00|2020-09-04 15:24:07.366+00|2529|441
366|t|2020-09-04 16:05:31.455+00|2020-09-04 16:05:31.461+00|2575|596
354|t|2020-09-04 15:24:59.111+00|2020-09-04 15:24:59.119+00|2529|585
396|t|2020-09-04 18:05:17.676+00|2020-09-04 18:05:19.762+00|2391|425
368|t|2020-09-04 16:21:29.709+00|2020-09-04 16:21:29.717+00|2658|601
384|t|2020-09-04 17:25:58.094+00|2020-09-04 17:25:58.102+00|2649|569
372|t|2020-09-04 16:33:48.101+00|2020-09-04 16:33:48.109+00|2649|186
386|t|2020-09-04 17:46:31.151+00|2020-09-04 17:46:31.166+00|2649|552
374|t|2020-09-04 16:36:00.845+00|2020-09-04 16:36:00.853+00|2603|260
376|t|2020-09-04 16:36:21.681+00|2020-09-04 16:36:21.69+00|2603|169
408|t|2020-09-04 18:58:24.562+00|2020-09-04 18:58:24.581+00|2610|260
378|t|2020-09-04 16:37:32.945+00|2020-09-04 16:37:32.953+00|2649|252
388|t|2020-09-04 17:47:57.305+00|2020-09-04 17:47:57.312+00|2649|337
398|t|2020-09-04 18:20:25.412+00|2020-09-04 18:20:25.454+00|2608|264
390|t|2020-09-04 17:57:35.83+00|2020-09-04 17:57:35.838+00|2545|158
399|t|2020-09-04 18:22:30.505+00|2020-09-04 18:22:30.598+00|2608|441
392|t|2020-09-04 17:58:51.188+00|2020-09-04 17:58:51.195+00|2389|564
400|t|2020-09-04 18:24:36.456+00|2020-09-04 18:24:36.47+00|2575|406
394|t|2020-09-04 18:03:29.114+00|2020-09-04 18:03:29.124+00|2389|171
401|t|2020-09-04 18:24:53.047+00|2020-09-04 18:24:53.353+00|2608|260
402|t|2020-09-04 18:27:37.887+00|2020-09-04 18:27:39.265+00|2658|406
407|t|2020-09-04 18:58:06.399+00|2020-09-04 18:58:06.412+00|2610|264
403|t|2020-09-04 18:30:35.057+00|2020-09-04 18:30:35.081+00|2658|613
405|t|2020-09-04 18:43:51.238+00|2020-09-04 18:44:21.855+00|2608|171
406|t|2020-09-04 18:58:02.629+00|2020-09-04 18:58:02.684+00|2610|441
409|t|2020-09-04 19:26:53.097+00|2020-09-04 19:26:53.114+00|2608|218
410|t|2020-09-04 19:59:42.287+00|2020-09-04 19:59:42.304+00|2714|406
411|t|2020-09-04 20:17:29.216+00|2020-09-04 20:17:29.223+00|2388|290
412|t|2020-09-04 20:30:12.477+00|2020-09-04 20:30:13.966+00|2654|550
413|t|2020-09-04 20:42:47.345+00|2020-09-04 20:42:48.541+00|2622|482
414|t|2020-09-04 20:52:22.795+00|2020-09-04 20:52:22.806+00|2704|488
415|t|2020-09-04 21:01:47.027+00|2020-09-04 21:01:47.043+00|2658|488
416|t|2020-09-04 21:08:09.311+00|2020-09-04 21:08:11.473+00|2704|489
417|t|2020-09-04 21:08:20.929+00|2020-09-04 21:08:23.741+00|2704|625
418|t|2020-09-04 21:08:23.765+00|2020-09-04 21:08:24.343+00|2704|626
419|t|2020-09-04 21:08:26.575+00|2020-09-04 21:08:27.736+00|2704|627
161|t|2020-09-03 19:54:43.654+00|2020-09-03 19:54:44.712+00|2636|131
162|t|2020-09-03 19:54:47.39+00|2020-09-03 19:54:48.537+00|2636|128
209|t|2020-09-03 22:40:10.464+00|2020-09-03 22:40:22.73+00|2654|104
163|t|2020-09-03 20:01:01.825+00|2020-09-03 20:01:01.838+00|2543|96
164|t|2020-09-03 20:01:27.199+00|2020-09-03 20:01:27.21+00|2543|120
265|t|2020-09-04 09:05:33.678+00|2020-09-04 09:05:33.686+00|2688|478
165|t|2020-09-03 20:05:11.191+00|2020-09-03 20:05:13.447+00|2655|111
166|t|2020-09-03 20:14:09.784+00|2020-09-03 20:14:09.792+00|2704|266
167|t|2020-09-03 20:14:14.108+00|2020-09-03 20:14:14.116+00|2704|264
168|t|2020-09-03 20:14:16.119+00|2020-09-03 20:14:16.126+00|2704|260
213|t|2020-09-03 23:24:37.611+00|2020-09-03 23:24:37.625+00|2610|109
169|t|2020-09-03 20:17:21.39+00|2020-09-03 20:17:21.4+00|2529|179
170|t|2020-09-03 20:17:53.659+00|2020-09-03 20:17:53.667+00|2529|109
267|t|2020-09-04 09:05:37.585+00|2020-09-04 09:05:37.592+00|2688|477
171|t|2020-09-03 20:19:16.088+00|2020-09-03 20:19:16.098+00|2704|131
215|t|2020-09-03 23:25:19.888+00|2020-09-03 23:25:19.895+00|2714|112
172|t|2020-09-03 20:20:50.54+00|2020-09-03 20:20:50.548+00|2528|275
173|t|2020-09-03 20:21:47.01+00|2020-09-03 20:21:47.019+00|2530|109
174|t|2020-09-03 20:22:36.437+00|2020-09-03 20:22:36.444+00|2530|128
217|t|2020-09-03 23:33:06.364+00|2020-09-03 23:33:06.373+00|2704|441
175|t|2020-09-03 20:30:02.909+00|2020-09-03 20:30:02.925+00|2606|98
176|t|2020-09-03 20:34:51.142+00|2020-09-03 20:34:51.15+00|2531|109
177|t|2020-09-03 20:38:22.015+00|2020-09-03 20:38:22.039+00|2606|111
178|t|2020-09-03 20:43:08.646+00|2020-09-03 20:43:12.496+00|2588|109
303|t|2020-09-04 14:16:07.462+00|2020-09-04 14:16:07.469+00|2654|250
179|t|2020-09-03 20:45:04.69+00|2020-09-03 20:45:23.343+00|2701|109
219|t|2020-09-04 01:11:18.143+00|2020-09-04 01:12:53.302+00|2575|127
180|t|2020-09-03 20:46:34.954+00|2020-09-03 20:46:36.123+00|2701|93
181|t|2020-09-03 20:46:50.572+00|2020-09-03 20:47:09.079+00|2701|127
182|t|2020-09-03 20:50:21.293+00|2020-09-03 20:50:58.652+00|2426|109
183|t|2020-09-03 20:50:37.265+00|2020-09-03 20:51:17.417+00|2426|98
184|t|2020-09-03 20:51:19.208+00|2020-09-03 20:51:19.208+00||
268|t|2020-09-04 10:00:44.451+00|2020-09-04 10:00:46.58+00|2750|93
185|t|2020-09-03 20:51:24.425+00|2020-09-03 20:52:35.353+00|2426|133
221|t|2020-09-04 01:12:05.748+00|2020-09-04 01:13:24.129+00|2575|109
186|t|2020-09-03 20:52:39.098+00|2020-09-03 20:52:55.942+00|2426|98
187|t|2020-09-03 21:33:44.948+00|2020-09-03 21:33:48.536+00|2424|109
188|t|2020-09-03 21:34:08.256+00|2020-09-03 21:34:11.145+00|2424|98
224|t|2020-09-04 01:12:52.38+00|2020-09-04 01:13:25.254+00|2575|98
189|t|2020-09-03 21:38:37.53+00|2020-09-03 21:38:37.547+00|2667|111
190|t|2020-09-03 21:39:18.823+00|2020-09-03 21:39:20.253+00|2701|96
225|t|2020-09-04 01:13:08.933+00|2020-09-04 01:13:25.264+00|2575|110
191|t|2020-09-03 21:42:24.702+00|2020-09-03 21:42:26.654+00|2426|335
270|t|2020-09-04 11:25:04.177+00|2020-09-04 11:25:49.668+00|2623|109
227|t|2020-09-04 01:13:17.682+00|2020-09-04 01:13:25.527+00|2575|104
229|t|2020-09-04 01:13:23.469+00|2020-09-04 01:13:25.593+00|2575|107
193|t|2020-09-03 21:42:36.624+00|2020-09-03 21:42:36.664+00|2426|323
327|t|2020-09-04 15:03:55.18+00|2020-09-04 15:03:55.189+00|2687|441
194|t|2020-09-03 21:48:23.534+00|2020-09-03 21:48:27.417+00|2667|133
231|t|2020-09-04 01:13:25.162+00|2020-09-04 01:13:28.281+00|2575|120
195|t|2020-09-03 21:51:17.956+00|2020-09-03 21:51:42.254+00|2667|104
272|t|2020-09-04 12:42:17.814+00|2020-09-04 12:42:33.419+00|2575|93
232|t|2020-09-04 01:13:51.524+00|2020-09-04 01:13:51.531+00|2575|450
234|t|2020-09-04 01:20:05.752+00|2020-09-04 01:20:07.962+00|2575|453
304|t|2020-09-04 14:16:10.254+00|2020-09-04 14:16:10.26+00|2654|214
275|t|2020-09-04 13:26:37.708+00|2020-09-04 13:26:37.717+00|2408|150
238|t|2020-09-04 01:37:29.352+00|2020-09-04 01:37:29.379+00|2608|127
239|t|2020-09-04 01:38:14.226+00|2020-09-04 01:38:24.552+00|2608|93
277|t|2020-09-04 13:52:15.933+00|2020-09-04 13:52:15.941+00|2667|264
241|t|2020-09-04 01:46:50.023+00|2020-09-04 01:46:51.087+00|2608|128
243|t|2020-09-04 02:03:19.96+00|2020-09-04 02:03:19.971+00|2608|100
245|t|2020-09-04 03:16:20.595+00|2020-09-04 03:16:36.608+00|2441|109
279|t|2020-09-04 13:53:28.986+00|2020-09-04 13:53:28.993+00|2667|203
247|t|2020-09-04 03:51:44.481+00|2020-09-04 03:51:45.783+00|2441|482
249|t|2020-09-04 05:22:28.566+00|2020-09-04 05:22:28.576+00|2655|155
306|t|2020-09-04 14:20:15.411+00|2020-09-04 14:20:15.424+00|2391|260
251|t|2020-09-04 06:06:57.021+00|2020-09-04 06:07:00.266+00|2545|128
281|t|2020-09-04 13:55:41.566+00|2020-09-04 13:55:41.572+00|2667|441
253|t|2020-09-04 06:15:40.645+00|2020-09-04 06:15:40.654+00|2545|251
255|t|2020-09-04 07:01:36.014+00|2020-09-04 07:01:36.503+00|2540|114
257|t|2020-09-04 07:34:30.007+00|2020-09-04 07:34:30.014+00|2750|264
282|t|2020-09-04 13:55:51.892+00|2020-09-04 13:55:51.897+00|2667|260
259|t|2020-09-04 07:34:41.781+00|2020-09-04 07:34:41.789+00|2750|260
260|t|2020-09-04 07:34:55.731+00|2020-09-04 07:34:55.768+00|2542|150
344|t|2020-09-04 15:19:30.792+00|2020-09-04 15:19:30.836+00|2691|580
261|t|2020-09-04 07:49:47.95+00|2020-09-04 07:49:47.963+00|2542|186
284|t|2020-09-04 13:58:34.439+00|2020-09-04 13:58:57.754+00|2627|169
263|t|2020-09-04 09:05:31.811+00|2020-09-04 09:05:31.822+00|2688|480
308|t|2020-09-04 14:26:46.79+00|2020-09-04 14:26:46.799+00|2391|252
286|t|2020-09-04 14:01:06.782+00|2020-09-04 14:01:06.797+00|2667|186
288|t|2020-09-04 14:04:53.362+00|2020-09-04 14:04:53.375+00|2527|291
328|t|2020-09-04 15:04:00.605+00|2020-09-04 15:04:00.613+00|2687|174
290|t|2020-09-04 14:06:55.933+00|2020-09-04 14:06:55.942+00|2527|264
310|t|2020-09-04 14:29:57.733+00|2020-09-04 14:29:57.744+00|2575|260
292|t|2020-09-04 14:09:00.405+00|2020-09-04 14:09:00.413+00|2529|275
293|t|2020-09-04 14:09:09.48+00|2020-09-04 14:09:11.03+00|2529|483
295|t|2020-09-04 14:12:08.109+00|2020-09-04 14:12:08.118+00|2654|510
312|t|2020-09-04 14:33:18.952+00|2020-09-04 14:33:18.96+00|2575|557
297|t|2020-09-04 14:12:32.304+00|2020-09-04 14:12:32.31+00|2654|546
299|t|2020-09-04 14:13:02.183+00|2020-09-04 14:13:02.189+00|2654|438
301|t|2020-09-04 14:14:15.058+00|2020-09-04 14:14:15.065+00|2654|482
314|t|2020-09-04 14:40:47.082+00|2020-09-04 14:40:47.088+00|2703|460
330|t|2020-09-04 15:07:08.678+00|2020-09-04 15:07:08.694+00|2687|250
316|t|2020-09-04 14:41:07.405+00|2020-09-04 14:41:07.417+00|2703|406
318|t|2020-09-04 14:41:23.979+00|2020-09-04 14:41:23.988+00|2703|171
363|t|2020-09-04 15:37:16.659+00|2020-09-04 15:37:16.665+00|2701|171
332|t|2020-09-04 15:07:58.863+00|2020-09-04 15:07:58.871+00|2691|260
323|t|2020-09-04 14:50:56.871+00|2020-09-04 14:50:56.878+00|2389|223
348|t|2020-09-04 15:20:56.407+00|2020-09-04 15:20:57.517+00|2531|288
325|t|2020-09-04 14:54:19.882+00|2020-09-04 14:54:19.89+00|2667|163
334|t|2020-09-04 15:10:52.106+00|2020-09-04 15:10:52.112+00|2691|575
335|t|2020-09-04 15:11:03.617+00|2020-09-04 15:11:03.624+00|2711|174
338|t|2020-09-04 15:12:28.565+00|2020-09-04 15:12:28.571+00|2691|572
349|t|2020-09-04 15:21:34.381+00|2020-09-04 15:21:36.361+00|2531|174
342|t|2020-09-04 15:13:26.477+00|2020-09-04 15:13:27.534+00|2691|578
351|t|2020-09-04 15:23:25.455+00|2020-09-04 15:23:25.463+00|2529|581
359|t|2020-09-04 15:28:13.714+00|2020-09-04 15:28:13.722+00|2529|591
353|t|2020-09-04 15:24:46.486+00|2020-09-04 15:24:46.492+00|2529|173
361|t|2020-09-04 15:33:35.293+00|2020-09-04 15:33:35.305+00|2593|239
365|t|2020-09-04 15:56:51.701+00|2020-09-04 15:56:51.712+00|2627|251
369|t|2020-09-04 16:24:46.708+00|2020-09-04 16:24:46.72+00|2658|133
367|t|2020-09-04 16:19:15.349+00|2020-09-04 16:19:15.355+00|2658|599
373|t|2020-09-04 16:35:32.911+00|2020-09-04 16:35:32.918+00|2603|490
375|t|2020-09-04 16:36:05.164+00|2020-09-04 16:36:05.17+00|2649|239
377|t|2020-09-04 16:37:04.563+00|2020-09-04 16:37:04.577+00|2603|171
379|t|2020-09-04 16:39:19.481+00|2020-09-04 16:39:19.668+00|2649|174
381|t|2020-09-04 16:52:04.532+00|2020-09-04 16:52:04.538+00|2543|251
383|t|2020-09-04 17:16:42.164+00|2020-09-04 17:16:44.399+00|2542|441
385|t|2020-09-04 17:33:17.607+00|2020-09-04 17:33:17.617+00|2620|206
387|t|2020-09-04 17:46:43.038+00|2020-09-04 17:46:43.052+00|2649|545
389|t|2020-09-04 17:54:46.755+00|2020-09-04 17:54:46.77+00|2649|573
391|t|2020-09-04 17:58:24.758+00|2020-09-04 17:58:24.766+00|2541|158
393|t|2020-09-04 17:59:15.162+00|2020-09-04 17:59:15.171+00|2389|441
395|t|2020-09-04 18:04:24.331+00|2020-09-04 18:04:24.339+00|2544|607
397|t|2020-09-04 18:18:02.932+00|2020-09-04 18:18:05.237+00|2608|406
420|t|2020-09-04 21:08:29.46+00|2020-09-04 21:08:30.445+00|2704|628
421|t|2020-09-04 21:08:35.683+00|2020-09-04 21:08:38.262+00|2704|624
463|t|2020-09-04 23:44:43.621+00|2020-09-04 23:44:43.636+00|2622|599
422|t|2020-09-04 21:08:38.049+00|2020-09-04 21:08:40.965+00|2704|489
423|t|2020-09-04 21:13:00.891+00|2020-09-04 21:13:00.898+00|2654|607
424|t|2020-09-04 21:17:51.939+00|2020-09-04 21:17:51.947+00|2654|629
464|t|2020-09-05 00:07:41.414+00|2020-09-05 00:07:41.421+00|2575|482
425|t|2020-09-04 21:17:52.619+00|2020-09-04 21:17:52.624+00|2654|630
426|t|2020-09-04 21:17:53.5+00|2020-09-04 21:17:53.506+00|2654|631
490|t|2020-09-05 02:12:58.456+00|2020-09-05 02:12:58.467+00|2454|555
427|t|2020-09-04 21:17:54.337+00|2020-09-04 21:17:54.343+00|2654|633
465|t|2020-09-05 00:07:43.362+00|2020-09-05 00:07:43.368+00|2575|488
428|t|2020-09-04 21:18:50.683+00|2020-09-04 21:18:50.69+00|2654|634
429|t|2020-09-04 21:19:49.014+00|2020-09-04 21:19:49.02+00|2654|335
430|t|2020-09-04 21:24:10.919+00|2020-09-04 21:24:10.929+00|2704|259
466|t|2020-09-05 00:07:45.265+00|2020-09-05 00:07:45.273+00|2575|492
431|t|2020-09-04 21:24:40.35+00|2020-09-04 21:24:40.356+00|2711|488
432|t|2020-09-04 21:24:53.653+00|2020-09-04 21:24:53.66+00|2704|487
433|t|2020-09-04 21:24:56.84+00|2020-09-04 21:24:56.845+00|2704|148
467|t|2020-09-05 00:11:52.448+00|2020-09-05 00:11:53.472+00|2622|638
434|t|2020-09-04 21:42:55.362+00|2020-09-04 21:42:55.371+00|2658|628
435|t|2020-09-04 21:51:53.707+00|2020-09-04 21:51:55.528+00|2658|642
491|t|2020-09-05 02:16:52.442+00|2020-09-05 02:16:52.45+00|2702|581
436|t|2020-09-04 22:12:10.602+00|2020-09-04 22:12:10.609+00|2667|488
468|t|2020-09-05 00:12:18.606+00|2020-09-05 00:12:19.618+00|2610|488
437|t|2020-09-04 22:12:30.774+00|2020-09-04 22:12:30.78+00|2667|607
438|t|2020-09-04 22:14:54.219+00|2020-09-04 22:14:54.231+00|2667|266
439|t|2020-09-04 22:15:51.971+00|2020-09-04 22:15:51.979+00|2667|615
469|t|2020-09-05 00:25:44.981+00|2020-09-05 00:25:44.99+00|2610|640
440|t|2020-09-04 22:16:05.341+00|2020-09-04 22:16:05.347+00|2667|472
441|t|2020-09-04 22:16:12.469+00|2020-09-04 22:16:12.474+00|2667|415
507|t|2020-09-05 04:26:24.639+00|2020-09-05 04:26:24.649+00|2618|480
442|t|2020-09-04 22:16:19.705+00|2020-09-04 22:16:19.715+00|2667|158
470|t|2020-09-05 00:26:01.95+00|2020-09-05 00:26:01.958+00|2610|627
443|t|2020-09-04 22:16:30.932+00|2020-09-04 22:16:30.938+00|2667|130
444|t|2020-09-04 22:22:10.005+00|2020-09-04 22:22:10.013+00|2387|492
492|t|2020-09-05 02:19:00.64+00|2020-09-05 02:19:00.646+00|2702|569
445|t|2020-09-04 22:24:14.593+00|2020-09-04 22:24:14.601+00|2655|441
471|t|2020-09-05 00:28:20.527+00|2020-09-05 00:28:20.534+00|2610|537
446|t|2020-09-04 22:38:41.622+00|2020-09-04 22:38:41.639+00|2750|628
447|t|2020-09-04 22:38:53.965+00|2020-09-04 22:38:53.982+00|2750|627
448|t|2020-09-04 22:51:06.763+00|2020-09-04 22:51:06.779+00|2750|625
472|t|2020-09-05 00:53:55.201+00|2020-09-05 00:53:55.209+00|2718|482
449|t|2020-09-04 22:57:56.292+00|2020-09-04 22:57:56.3+00|2620|254
450|t|2020-09-04 22:58:05.549+00|2020-09-04 22:58:05.559+00|2620|253
451|t|2020-09-04 22:58:39.724+00|2020-09-04 22:58:39.733+00|2750|569
473|t|2020-09-05 00:54:10.767+00|2020-09-05 00:54:10.774+00|2718|441
452|t|2020-09-04 22:59:13.549+00|2020-09-04 22:59:13.565+00|2750|537
453|t|2020-09-04 22:59:29.324+00|2020-09-04 22:59:29.338+00|2750|478
493|t|2020-09-05 02:32:03.134+00|2020-09-05 02:32:03.143+00|2702|624
454|t|2020-09-04 23:15:19.963+00|2020-09-04 23:15:19.973+00|2620|649
474|t|2020-09-05 00:55:31.961+00|2020-09-05 00:55:31.969+00|2718|569
455|t|2020-09-04 23:17:49.225+00|2020-09-04 23:17:49.232+00|2620|581
456|t|2020-09-04 23:17:59.352+00|2020-09-04 23:17:59.359+00|2620|628
457|t|2020-09-04 23:18:09.158+00|2020-09-04 23:18:09.166+00|2620|569
475|t|2020-09-05 01:03:35.109+00|2020-09-05 01:03:35.116+00|2455|610
458|t|2020-09-04 23:18:54.173+00|2020-09-04 23:18:54.18+00|2620|599
459|t|2020-09-04 23:19:49.918+00|2020-09-04 23:19:49.924+00|2620|642
460|t|2020-09-04 23:30:15.909+00|2020-09-04 23:30:15.925+00|2622|492
476|t|2020-09-05 01:05:10.383+00|2020-09-05 01:05:10.389+00|2455|642
461|t|2020-09-04 23:30:37.3+00|2020-09-04 23:30:37.314+00|2622|641
462|t|2020-09-04 23:30:45.488+00|2020-09-04 23:30:45.495+00|2622|640
494|t|2020-09-05 02:49:31.475+00|2020-09-05 02:49:31.483+00|2456|629
477|t|2020-09-05 01:11:48.255+00|2020-09-05 01:11:48.262+00|2455|492
478|t|2020-09-05 01:19:57.764+00|2020-09-05 01:19:57.771+00|2455|581
508|t|2020-09-05 04:26:36.419+00|2020-09-05 04:26:36.434+00|2618|626
479|t|2020-09-05 01:25:53.134+00|2020-09-05 01:25:53.145+00|2701|488
495|t|2020-09-05 02:54:24.585+00|2020-09-05 02:54:24.592+00|2456|537
480|t|2020-09-05 01:26:18.747+00|2020-09-05 01:26:18.755+00|2455|599
481|t|2020-09-05 01:31:04.732+00|2020-09-05 01:31:04.74+00|2454|569
482|t|2020-09-05 01:31:22.953+00|2020-09-05 01:31:22.963+00|2608|488
496|t|2020-09-05 03:15:16.309+00|2020-09-05 03:15:16.318+00|2687|581
483|t|2020-09-05 01:37:00.059+00|2020-09-05 01:37:00.075+00|2604|580
484|t|2020-09-05 01:37:52.163+00|2020-09-05 01:38:00.871+00|2608|537
518|t|2020-09-05 06:16:19.936+00|2020-09-05 06:16:19.951+00|2702|714
485|t|2020-09-05 01:45:47.478+00|2020-09-05 01:45:48.483+00|2604|565
497|t|2020-09-05 03:28:17.974+00|2020-09-05 03:28:17.982+00|2654|599
486|t|2020-09-05 01:47:57.086+00|2020-09-05 01:47:57.095+00|2658|697
487|t|2020-09-05 01:54:19.576+00|2020-09-05 01:54:19.585+00|2608|480
488|t|2020-09-05 02:12:05.384+00|2020-09-05 02:12:05.393+00|2702|482
498|t|2020-09-05 03:49:45.942+00|2020-09-05 03:49:45.951+00|2620|546
489|t|2020-09-05 02:12:20.866+00|2020-09-05 02:12:20.873+00|2610|490
499|t|2020-09-05 03:51:55.695+00|2020-09-05 03:51:55.71+00|2620|586
529|t|2020-09-05 11:08:20.594+00|2020-09-05 11:08:22.547+00|2544|719
500|t|2020-09-05 03:55:10.597+00|2020-09-05 03:55:10.607+00|2620|127
510|t|2020-09-05 05:26:19.952+00|2020-09-05 05:26:19.96+00|2688|581
501|t|2020-09-05 03:57:13.542+00|2020-09-05 03:57:13.548+00|2608|625
502|t|2020-09-05 03:58:11.953+00|2020-09-05 03:58:11.961+00|2608|627
519|t|2020-09-05 07:00:04.796+00|2020-09-05 07:00:04.808+00|2622|441
503|t|2020-09-05 04:00:32.535+00|2020-09-05 04:00:32.543+00|2618|441
511|t|2020-09-05 05:26:21.939+00|2020-09-05 05:26:21.946+00|2688|488
504|t|2020-09-05 04:04:59.025+00|2020-09-05 04:04:59.035+00|2620|245
512|t|2020-09-05 05:28:16.602+00|2020-09-05 05:28:16.609+00|2575|441
506|t|2020-09-05 04:26:16.548+00|2020-09-05 04:26:16.564+00|2618|555
525|t|2020-09-05 10:51:34.588+00|2020-09-05 10:51:34.596+00|2542|641
513|t|2020-09-05 05:37:58.383+00|2020-09-05 05:37:58.391+00|2575|581
520|t|2020-09-05 07:01:49.201+00|2020-09-05 07:01:49.209+00|2688|537
514|t|2020-09-05 05:38:02.932+00|2020-09-05 05:38:02.938+00|2575|569
515|t|2020-09-05 05:39:20.137+00|2020-09-05 05:39:20.143+00|2575|537
516|t|2020-09-05 05:46:43.362+00|2020-09-05 05:46:43.369+00|2575|713
521|t|2020-09-05 07:16:23.234+00|2020-09-05 07:16:23.244+00|2688|715
517|t|2020-09-05 06:02:02.537+00|2020-09-05 06:02:02.546+00|2702|708
522|t|2020-09-05 07:24:55.312+00|2020-09-05 07:24:55.319+00|2688|716
526|t|2020-09-05 10:53:31.77+00|2020-09-05 10:53:33.97+00|2542|606
523|t|2020-09-05 07:33:17.972+00|2020-09-05 07:33:17.979+00|2688|717
524|t|2020-09-05 10:45:47.85+00|2020-09-05 10:45:47.859+00|2542|488
527|t|2020-09-05 11:01:01.983+00|2020-09-05 11:01:02.001+00|2542|158
530|t|2020-09-05 11:18:33.947+00|2020-09-05 11:18:33.962+00|2544|640
528|t|2020-09-05 11:03:23.598+00|2020-09-05 11:03:23.608+00|2544|658
532|t|2020-09-05 11:39:04.381+00|2020-09-05 11:39:04.389+00|2545|719
531|t|2020-09-05 11:34:55.045+00|2020-09-05 11:34:55.054+00|2545|606
533|t|2020-09-05 11:41:38.841+00|2020-09-05 11:41:38.85+00|2545|262
534|t|2020-09-05 11:42:07.365+00|2020-09-05 11:42:07.373+00|2545|261
535|t|2020-09-05 11:52:50.247+00|2020-09-05 11:52:52.988+00|2545|428
536|t|2020-09-05 11:58:28.637+00|2020-09-05 11:58:28.646+00|2545|475
537|t|2020-09-05 12:07:29.212+00|2020-09-05 12:07:29.221+00|2596|482
538|t|2020-09-05 12:09:21.812+00|2020-09-05 12:09:21.82+00|2596|555
539|t|2020-09-05 12:18:19.58+00|2020-09-05 12:18:19.589+00|2596|537
540|t|2020-09-05 12:43:48.449+00|2020-09-05 12:43:48.459+00|2541|606
541|t|2020-09-05 12:46:49.513+00|2020-09-05 12:46:49.522+00|2541|554
542|t|2020-09-05 12:48:18.56+00|2020-09-05 12:48:18.569+00|2687|582
543|t|2020-09-05 12:48:19.455+00|2020-09-05 12:48:19.468+00|2687|577
544|t|2020-09-05 12:48:47.21+00|2020-09-05 12:48:47.225+00|2687|488
545|t|2020-09-05 12:58:00.528+00|2020-09-05 12:58:00.536+00|2687|537
546|t|2020-09-05 12:58:46.746+00|2020-09-05 12:58:46.761+00|2687|492
547|t|2020-09-05 12:58:51.086+00|2020-09-05 12:58:51.095+00|2687|599
590|t|2020-09-05 18:46:09.803+00|2020-09-05 18:46:09.811+00|2588|606
548|t|2020-09-05 13:02:07.697+00|2020-09-05 13:02:07.704+00|2687|626
549|t|2020-09-05 13:02:59.929+00|2020-09-05 13:02:59.936+00|2687|629
634|t|2020-09-06 01:53:56.475+00|2020-09-06 01:53:56.484+00|2667|797
550|t|2020-09-05 13:03:23.525+00|2020-09-05 13:03:23.532+00|2750|725
591|t|2020-09-05 18:48:14.647+00|2020-09-05 18:48:14.655+00|2588|782
551|t|2020-09-05 13:04:51.958+00|2020-09-05 13:04:51.968+00|2391|640
552|t|2020-09-05 13:10:30.896+00|2020-09-05 13:10:30.911+00|2750|686
617|t|2020-09-06 00:20:45.051+00|2020-09-06 00:20:46.93+00|2658|811
553|t|2020-09-05 13:22:50.735+00|2020-09-05 13:22:50.75+00|2750|606
554|t|2020-09-05 13:47:22.051+00|2020-09-05 13:47:22.059+00|2722|625
555|t|2020-09-05 14:06:52.144+00|2020-09-05 14:06:52.159+00|2667|537
556|t|2020-09-05 14:06:58.885+00|2020-09-05 14:06:58.893+00|2667|569
593|t|2020-09-05 19:32:31.632+00|2020-09-05 19:32:31.64+00|2610|783
557|t|2020-09-05 14:47:39.308+00|2020-09-05 14:47:39.318+00|2649|753
558|t|2020-09-05 14:48:22.422+00|2020-09-05 14:48:22.429+00|2649|570
618|t|2020-09-06 00:23:33.478+00|2020-09-06 00:23:37.319+00|2718|756
559|t|2020-09-05 14:48:39.638+00|2020-09-05 14:48:39.647+00|2649|560
594|t|2020-09-05 19:45:35.423+00|2020-09-05 19:45:35.438+00|2610|701
560|t|2020-09-05 14:54:09.219+00|2020-09-05 14:54:09.229+00|2649|417
561|t|2020-09-05 14:54:15.938+00|2020-09-05 14:54:15.945+00|2649|410
562|t|2020-09-05 14:54:21.983+00|2020-09-05 14:54:21.99+00|2649|407
595|t|2020-09-05 20:46:09.532+00|2020-09-05 20:46:09.541+00|2575|780
563|t|2020-09-05 14:54:34.978+00|2020-09-05 14:54:34.987+00|2709|640
564|t|2020-09-05 14:55:17.679+00|2020-09-05 14:55:17.686+00|2709|719
565|t|2020-09-05 14:57:34.218+00|2020-09-05 14:57:34.23+00|2703|717
596|t|2020-09-05 21:17:49.956+00|2020-09-05 21:17:49.964+00|2714|488
566|t|2020-09-05 15:00:44.014+00|2020-09-05 15:00:44.029+00|2649|581
567|t|2020-09-05 15:01:45.835+00|2020-09-05 15:01:46.095+00|2649|708
619|t|2020-09-06 00:24:25.362+00|2020-09-06 00:24:25.368+00|2718|697
568|t|2020-09-05 15:16:57.568+00|2020-09-05 15:16:57.577+00|2649|756
597|t|2020-09-05 21:21:40.37+00|2020-09-05 21:21:40.377+00|2714|719
569|t|2020-09-05 15:48:52.42+00|2020-09-05 15:48:52.435+00|2649|537
570|t|2020-09-05 15:51:59.965+00|2020-09-05 15:52:01.766+00|2649|713
571|t|2020-09-05 15:55:48.167+00|2020-09-05 15:55:50.937+00|2649|606
598|t|2020-09-05 21:26:30.284+00|2020-09-05 21:26:34.463+00|2714|640
572|t|2020-09-05 16:12:00.705+00|2020-09-05 16:12:00.715+00|2667|606
573|t|2020-09-05 16:18:53.421+00|2020-09-05 16:18:53.43+00|2575|746
635|t|2020-09-06 01:53:57.578+00|2020-09-06 01:53:57.585+00|2667|800
574|t|2020-09-05 16:36:08.809+00|2020-09-05 16:36:09.648+00|2665|441
599|t|2020-09-05 21:35:22.063+00|2020-09-05 21:35:22.073+00|2714|537
575|t|2020-09-05 16:50:43.429+00|2020-09-05 16:50:43.437+00|2575|779
576|t|2020-09-05 16:59:13.433+00|2020-09-05 16:59:13.442+00|2701|627
620|t|2020-09-06 00:26:02.251+00|2020-09-06 00:26:06.446+00|2658|787
577|t|2020-09-05 17:01:58.854+00|2020-09-05 17:01:58.863+00|2701|626
600|t|2020-09-05 21:39:50.163+00|2020-09-05 21:39:50.171+00|2575|719
578|t|2020-09-05 17:11:11.801+00|2020-09-05 17:11:11.812+00|2701|480
579|t|2020-09-05 17:58:41.885+00|2020-09-05 17:58:41.894+00|2649|781
580|t|2020-09-05 17:59:03.368+00|2020-09-05 17:59:03.383+00|2649|777
601|t|2020-09-05 21:39:58.077+00|2020-09-05 21:39:58.086+00|2575|625
581|t|2020-09-05 17:59:14.321+00|2020-09-05 17:59:15.229+00|2649|776
582|t|2020-09-05 17:59:41.466+00|2020-09-05 17:59:42.411+00|2649|770
583|t|2020-09-05 18:20:00.194+00|2020-09-05 18:20:00.202+00|2620|788
602|t|2020-09-05 21:42:16.111+00|2020-09-05 21:42:16.121+00|2575|624
584|t|2020-09-05 18:28:24.305+00|2020-09-05 18:28:24.314+00|2588|642
585|t|2020-09-05 18:31:24.855+00|2020-09-05 18:31:24.865+00|2620|717
621|t|2020-09-06 00:31:06.314+00|2020-09-06 00:31:06.322+00|2718|743
586|t|2020-09-05 18:39:22.725+00|2020-09-05 18:39:22.734+00|2709|239
603|t|2020-09-05 21:45:47.412+00|2020-09-05 21:45:47.422+00|2575|601
587|t|2020-09-05 18:40:03.792+00|2020-09-05 18:40:03.8+00|2588|537
588|t|2020-09-05 18:40:03.99+00|2020-09-05 18:40:03.998+00|2709|582
589|t|2020-09-05 18:45:58.359+00|2020-09-05 18:45:58.368+00|2588|492
652|t|2020-09-06 02:58:20.091+00|2020-09-06 02:58:20.1+00|2701|717
604|t|2020-09-05 21:46:45.807+00|2020-09-05 21:46:45.814+00|2575|629
622|t|2020-09-06 00:31:30.332+00|2020-09-06 00:31:30.34+00|2667|719
605|t|2020-09-05 21:48:17.173+00|2020-09-05 21:48:17.179+00|2575|452
606|t|2020-09-05 22:27:33.081+00|2020-09-05 22:27:33.09+00|2575|599
636|t|2020-09-06 01:54:02.537+00|2020-09-06 01:54:02.544+00|2667|801
607|t|2020-09-05 22:27:41.417+00|2020-09-05 22:27:41.425+00|2575|627
623|t|2020-09-06 00:32:46.058+00|2020-09-06 00:32:47.22+00|2658|824
608|t|2020-09-05 22:28:36.822+00|2020-09-05 22:28:36.837+00|2575|489
609|t|2020-09-05 22:51:05.429+00|2020-09-05 22:51:05.44+00|2389|261
610|t|2020-09-05 23:49:21.386+00|2020-09-05 23:49:21.395+00|2610|815
624|t|2020-09-06 00:33:11.58+00|2020-09-06 00:33:14.566+00|2658|826
611|t|2020-09-05 23:52:34.567+00|2020-09-05 23:52:34.582+00|2610|746
612|t|2020-09-05 23:53:41.167+00|2020-09-05 23:53:41.175+00|2702|719
646|t|2020-09-06 02:39:12.892+00|2020-09-06 02:39:12.899+00|2704|840
625|t|2020-09-06 00:34:02.208+00|2020-09-06 00:34:02.215+00|2718|660
614|t|2020-09-05 23:59:46.971+00|2020-09-05 23:59:46.978+00|2610|655
637|t|2020-09-06 02:03:08.266+00|2020-09-06 02:03:08.275+00|2456|776
615|t|2020-09-06 00:02:53.238+00|2020-09-06 00:02:53.253+00|2610|652
626|t|2020-09-06 00:37:04.45+00|2020-09-06 00:37:04.457+00|2667|783
616|t|2020-09-06 00:16:21.187+00|2020-09-06 00:16:21.201+00|2575|717
627|t|2020-09-06 00:37:33.295+00|2020-09-06 00:37:36.753+00|2667|686
628|t|2020-09-06 00:37:55.163+00|2020-09-06 00:37:55.17+00|2658|711
638|t|2020-09-06 02:07:16.302+00|2020-09-06 02:07:16.317+00|2704|755
629|t|2020-09-06 00:40:05.18+00|2020-09-06 00:40:05.187+00|2658|828
630|t|2020-09-06 00:44:52.94+00|2020-09-06 00:44:52.949+00|2658|830
631|t|2020-09-06 00:45:07.296+00|2020-09-06 00:45:07.303+00|2658|746
639|t|2020-09-06 02:07:20.697+00|2020-09-06 02:07:20.705+00|2704|754
632|t|2020-09-06 00:51:02.241+00|2020-09-06 00:51:04.065+00|2658|831
633|t|2020-09-06 01:52:41.667+00|2020-09-06 01:52:41.675+00|2667|717
647|t|2020-09-06 02:39:39.633+00|2020-09-06 02:39:39.648+00|2704|717
640|t|2020-09-06 02:07:26.99+00|2020-09-06 02:07:27.995+00|2704|752
656|t|2020-09-06 03:09:39.461+00|2020-09-06 03:09:39.469+00|2701|655
641|t|2020-09-06 02:07:34.116+00|2020-09-06 02:07:35.088+00|2704|721
648|t|2020-09-06 02:49:01.841+00|2020-09-06 02:49:01.905+00|2704|846
642|t|2020-09-06 02:08:17.505+00|2020-09-06 02:08:17.512+00|2704|719
643|t|2020-09-06 02:24:34.718+00|2020-09-06 02:24:34.725+00|2457|776
653|t|2020-09-06 03:01:15.83+00|2020-09-06 03:01:15.841+00|2702|756
644|t|2020-09-06 02:27:53.163+00|2020-09-06 02:27:53.172+00|2704|780
649|t|2020-09-06 02:53:50.906+00|2020-09-06 02:53:50.912+00|2702|780
645|t|2020-09-06 02:39:04.807+00|2020-09-06 02:39:04.816+00|2704|845
650|t|2020-09-06 02:57:56.847+00|2020-09-06 02:57:56.855+00|2702|725
651|t|2020-09-06 02:57:58.318+00|2020-09-06 02:57:58.33+00|2701|719
654|t|2020-09-06 03:02:40.998+00|2020-09-06 03:02:41.005+00|2701|725
657|t|2020-09-06 03:11:03.75+00|2020-09-06 03:11:03.765+00|2702|770
655|t|2020-09-06 03:05:42.434+00|2020-09-06 03:05:45.294+00|2704|746
659|t|2020-09-06 03:18:37.745+00|2020-09-06 03:18:37.754+00|2701|652
658|t|2020-09-06 03:17:36.666+00|2020-09-06 03:17:36.673+00|2701|714
660|t|2020-09-06 03:23:35.821+00|2020-09-06 03:23:35.83+00|2701|846
661|t|2020-09-06 03:38:45.219+00|2020-09-06 03:38:45.229+00|2454|716
662|t|2020-09-06 03:45:22.079+00|2020-09-06 03:45:22.088+00|2455|781
663|t|2020-09-06 07:13:00.032+00|2020-09-06 07:13:00.042+00|2654|776
664|t|2020-09-06 07:59:14.146+00|2020-09-06 07:59:14.156+00|2622|777
665|t|2020-09-06 08:40:21.635+00|2020-09-06 08:40:21.65+00|2750|810
666|t|2020-09-06 11:11:55.622+00|2020-09-06 11:11:55.631+00|2620|780
667|t|2020-09-06 11:11:58.513+00|2020-09-06 11:11:58.521+00|2687|713
668|t|2020-09-06 11:14:12.612+00|2020-09-06 11:14:12.621+00|2687|649
669|t|2020-09-06 11:14:43.175+00|2020-09-06 11:14:43.183+00|2391|717
670|t|2020-09-06 11:15:32.91+00|2020-09-06 11:15:32.921+00|2575|831
671|t|2020-09-06 11:16:30.642+00|2020-09-06 11:16:30.652+00|2575|655
672|t|2020-09-06 11:18:22.454+00|2020-09-06 11:18:22.461+00|2575|776
673|t|2020-09-06 11:20:16.47+00|2020-09-06 11:20:16.477+00|2575|725
674|t|2020-09-06 11:30:42.574+00|2020-09-06 11:30:42.584+00|2620|783
675|t|2020-09-06 11:43:01.778+00|2020-09-06 11:43:01.811+00|2575|783
676|t|2020-09-06 11:45:58.605+00|2020-09-06 11:45:58.62+00|2575|714
718|t|2020-09-06 13:29:07.646+00|2020-09-06 13:29:07.656+00|2387|870
677|t|2020-09-06 11:47:20.235+00|2020-09-06 11:47:20.243+00|2687|719
678|t|2020-09-06 11:48:49.66+00|2020-09-06 11:48:49.668+00|2687|746
679|t|2020-09-06 12:00:52.562+00|2020-09-06 12:00:52.57+00|2691|875
719|t|2020-09-06 13:29:38.874+00|2020-09-06 13:29:39.794+00|2387|869
680|t|2020-09-06 12:00:53.615+00|2020-09-06 12:00:53.622+00|2691|876
681|t|2020-09-06 12:00:54.487+00|2020-09-06 12:00:54.493+00|2691|878
745|t|2020-09-06 16:55:16.306+00|2020-09-06 16:55:16.313+00|2543|719
682|t|2020-09-06 12:00:56.557+00|2020-09-06 12:00:56.563+00|2691|872
720|t|2020-09-06 13:31:16.75+00|2020-09-06 13:31:16.758+00|2387|868
683|t|2020-09-06 12:00:57.296+00|2020-09-06 12:00:57.303+00|2691|854
684|t|2020-09-06 12:00:58.636+00|2020-09-06 12:00:58.642+00|2691|852
685|t|2020-09-06 12:00:59.402+00|2020-09-06 12:00:59.409+00|2691|850
721|t|2020-09-06 13:33:02.419+00|2020-09-06 13:33:02.429+00|2387|863
686|t|2020-09-06 12:01:01.678+00|2020-09-06 12:01:01.684+00|2691|765
687|t|2020-09-06 12:01:02.41+00|2020-09-06 12:01:02.418+00|2691|764
688|t|2020-09-06 12:01:04.202+00|2020-09-06 12:01:04.208+00|2691|763
722|t|2020-09-06 13:33:53.261+00|2020-09-06 13:33:53.27+00|2387|862
689|t|2020-09-06 12:01:05.96+00|2020-09-06 12:01:05.967+00|2691|760
690|t|2020-09-06 12:01:06.737+00|2020-09-06 12:01:06.744+00|2691|701
746|t|2020-09-06 17:21:22.582+00|2020-09-06 17:21:22.597+00|2701|783
691|t|2020-09-06 12:01:10.031+00|2020-09-06 12:01:10.038+00|2691|660
723|t|2020-09-06 13:34:43.402+00|2020-09-06 13:34:43.411+00|2387|860
692|t|2020-09-06 12:01:11.47+00|2020-09-06 12:01:11.476+00|2691|659
693|t|2020-09-06 12:01:12.342+00|2020-09-06 12:01:12.348+00|2691|584
694|t|2020-09-06 12:01:16.552+00|2020-09-06 12:01:16.559+00|2691|583
724|t|2020-09-06 13:34:47.016+00|2020-09-06 13:34:47.023+00|2387|861
695|t|2020-09-06 12:01:41.683+00|2020-09-06 12:01:41.693+00|2691|569
696|t|2020-09-06 12:01:50.285+00|2020-09-06 12:01:50.293+00|2691|447
762|t|2020-09-06 20:50:40.98+00|2020-09-06 20:50:40.986+00|2702|945
697|t|2020-09-06 12:01:53.496+00|2020-09-06 12:01:53.503+00|2691|446
725|t|2020-09-06 13:36:07.437+00|2020-09-06 13:36:07.446+00|2387|859
698|t|2020-09-06 12:01:55.573+00|2020-09-06 12:01:55.581+00|2691|443
699|t|2020-09-06 12:01:56.384+00|2020-09-06 12:01:56.391+00|2691|440
747|t|2020-09-06 17:32:20.852+00|2020-09-06 17:32:20.861+00|2711|717
700|t|2020-09-06 12:01:59.247+00|2020-09-06 12:01:59.254+00|2691|436
726|t|2020-09-06 13:36:39.846+00|2020-09-06 13:36:39.853+00|2387|100
701|t|2020-09-06 12:07:28.706+00|2020-09-06 12:07:28.713+00|2596|716
702|t|2020-09-06 12:34:59.875+00|2020-09-06 12:34:59.882+00|2390|783
703|t|2020-09-06 12:38:00.612+00|2020-09-06 12:38:00.627+00|2750|846
727|t|2020-09-06 13:36:49.126+00|2020-09-06 13:36:49.133+00|2387|102
704|t|2020-09-06 12:39:39.736+00|2020-09-06 12:39:39.767+00|2750|845
705|t|2020-09-06 12:40:23.409+00|2020-09-06 12:40:25.268+00|2750|840
706|t|2020-09-06 13:02:54.461+00|2020-09-06 13:02:54.469+00|2390|701
728|t|2020-09-06 13:37:57.996+00|2020-09-06 13:37:58.006+00|2387|866
707|t|2020-09-06 13:08:41.288+00|2020-09-06 13:08:41.298+00|2688|899
708|t|2020-09-06 13:11:33.681+00|2020-09-06 13:11:33.69+00|2389|658
748|t|2020-09-06 17:33:46.169+00|2020-09-06 17:33:46.175+00|2541|204
709|t|2020-09-06 13:11:45.338+00|2020-09-06 13:11:45.345+00|2688|902
729|t|2020-09-06 13:39:34.202+00|2020-09-06 13:39:34.211+00|2388|711
710|t|2020-09-06 13:17:09.682+00|2020-09-06 13:17:09.69+00|2688|904
711|t|2020-09-06 13:18:10.058+00|2020-09-06 13:18:10.066+00|2688|746
712|t|2020-09-06 13:18:20.317+00|2020-09-06 13:18:20.327+00|2688|776
730|t|2020-09-06 13:41:46.047+00|2020-09-06 13:41:46.056+00|2388|660
713|t|2020-09-06 13:21:33.316+00|2020-09-06 13:21:33.323+00|2688|783
714|t|2020-09-06 13:23:43.449+00|2020-09-06 13:23:43.455+00|2688|697
715|t|2020-09-06 13:23:44.949+00|2020-09-06 13:23:44.955+00|2688|660
731|t|2020-09-06 13:43:05.32+00|2020-09-06 13:43:06.459+00|2688|777
716|t|2020-09-06 13:23:45.611+00|2020-09-06 13:23:45.617+00|2688|652
717|t|2020-09-06 13:28:31.614+00|2020-09-06 13:28:31.621+00|2688|907
749|t|2020-09-06 17:36:50.238+00|2020-09-06 17:36:50.253+00|2541|701
732|t|2020-09-06 13:52:28.256+00|2020-09-06 13:52:28.267+00|2391|897
733|t|2020-09-06 13:53:02.028+00|2020-09-06 13:53:02.037+00|2391|646
763|t|2020-09-06 20:53:50.951+00|2020-09-06 20:53:50.971+00|2610|840
734|t|2020-09-06 13:53:21.522+00|2020-09-06 13:53:21.53+00|2391|489
750|t|2020-09-06 17:37:29.257+00|2020-09-06 17:37:29.266+00|2541|922
735|t|2020-09-06 13:54:13.621+00|2020-09-06 13:54:13.629+00|2391|134
736|t|2020-09-06 15:13:29.416+00|2020-09-06 15:13:29.433+00|2588|907
737|t|2020-09-06 15:25:34.404+00|2020-09-06 15:25:34.414+00|2588|823
751|t|2020-09-06 17:45:38.506+00|2020-09-06 17:45:38.521+00|2541|753
738|t|2020-09-06 15:27:10.942+00|2020-09-06 15:27:10.95+00|2588|829
739|t|2020-09-06 15:27:18.524+00|2020-09-06 15:27:18.531+00|2588|822
772|t|2020-09-06 23:27:34.604+00|2020-09-06 23:27:34.61+00|2421|783
740|t|2020-09-06 15:27:25.142+00|2020-09-06 15:27:25.148+00|2588|821
752|t|2020-09-06 19:06:03.698+00|2020-09-06 19:06:03.705+00|2610|920
741|t|2020-09-06 15:27:30.714+00|2020-09-06 15:27:30.72+00|2588|681
742|t|2020-09-06 15:51:01.783+00|2020-09-06 15:51:04.342+00|2593|780
764|t|2020-09-06 21:19:11.906+00|2020-09-06 21:19:11.927+00|2702|964
743|t|2020-09-06 16:06:29.218+00|2020-09-06 16:06:29.236+00|2593|697
753|t|2020-09-06 19:37:54.483+00|2020-09-06 19:37:54.49+00|2390|276
744|t|2020-09-06 16:13:44.529+00|2020-09-06 16:13:44.538+00|2658|918
754|t|2020-09-06 19:40:58.509+00|2020-09-06 19:40:59.612+00|2620|935
755|t|2020-09-06 19:43:50.66+00|2020-09-06 19:43:50.667+00|2620|455
765|t|2020-09-06 21:30:10.539+00|2020-09-06 21:30:10.548+00|2388|876
756|t|2020-09-06 19:44:48.415+00|2020-09-06 19:44:48.911+00|2620|923
757|t|2020-09-06 19:44:54.489+00|2020-09-06 19:44:54.495+00|2620|886
785|t|2020-09-07 01:36:55.483+00|2020-09-07 01:36:55.499+00|2703|440
758|t|2020-09-06 19:47:35.83+00|2020-09-06 19:47:35.837+00|2620|744
766|t|2020-09-06 21:31:35.468+00|2020-09-06 21:31:35.478+00|2388|872
759|t|2020-09-06 19:49:02.667+00|2020-09-06 19:49:02.677+00|2620|556
760|t|2020-09-06 19:50:48.129+00|2020-09-06 19:50:48.138+00|2620|166
773|t|2020-09-07 00:15:12.806+00|2020-09-07 00:15:12.815+00|2423|746
761|t|2020-09-06 20:33:33.355+00|2020-09-06 20:33:35.399+00|2658|958
767|t|2020-09-06 21:32:22.682+00|2020-09-06 21:32:22.693+00|2388|763
779|t|2020-09-07 01:19:41.13+00|2020-09-07 01:19:46.236+00|2658|933
768|t|2020-09-06 21:37:58.852+00|2020-09-06 21:37:58.862+00|2722|777
774|t|2020-09-07 00:15:14.092+00|2020-09-07 00:15:14.099+00|2423|717
769|t|2020-09-06 21:40:20.043+00|2020-09-06 21:40:20.051+00|2388|964
770|t|2020-09-06 22:31:22.063+00|2020-09-06 22:31:22.072+00|2629|783
771|t|2020-09-06 23:26:42.604+00|2020-09-06 23:26:42.612+00|2421|717
775|t|2020-09-07 00:19:48.205+00|2020-09-07 00:19:48.213+00|2423|708
783|t|2020-09-07 01:36:18.302+00|2020-09-07 01:36:18.317+00|2703|811
776|t|2020-09-07 00:36:07.448+00|2020-09-07 00:36:07.457+00|2423|783
780|t|2020-09-07 01:20:07.964+00|2020-09-07 01:20:07.97+00|2718|829
777|t|2020-09-07 00:45:04.436+00|2020-09-07 00:45:04.446+00|2722|783
778|t|2020-09-07 00:46:37.189+00|2020-09-07 00:46:37.196+00|2655|117
781|t|2020-09-07 01:30:42.28+00|2020-09-07 01:30:42.297+00|2703|783
782|t|2020-09-07 01:35:54.77+00|2020-09-07 01:35:54.78+00|2575|991
784|t|2020-09-07 01:36:25.888+00|2020-09-07 01:36:25.896+00|2703|716
787|t|2020-09-07 02:01:57.802+00|2020-09-07 02:01:57.823+00|2610|845
786|t|2020-09-07 01:42:56.076+00|2020-09-07 01:42:56.082+00|2575|708
788|t|2020-09-07 02:06:38.051+00|2020-09-07 02:06:38.059+00|2704|897
790|t|2020-09-07 02:21:07.455+00|2020-09-07 02:21:07.464+00|2704|1013
791|t|2020-09-07 02:21:13.478+00|2020-09-07 02:21:13.485+00|2704|1011
792|t|2020-09-07 02:21:19.8+00|2020-09-07 02:21:19.807+00|2704|1010
793|t|2020-09-07 02:21:25.25+00|2020-09-07 02:21:25.256+00|2704|1008
794|t|2020-09-07 02:25:55.52+00|2020-09-07 02:25:56.302+00|2575|999
795|t|2020-09-07 02:27:49.016+00|2020-09-07 02:27:49.023+00|2575|998
796|t|2020-09-07 02:27:50.134+00|2020-09-07 02:27:50.139+00|2575|996
797|t|2020-09-07 02:27:51.364+00|2020-09-07 02:27:51.37+00|2575|995
798|t|2020-09-07 02:29:23.454+00|2020-09-07 02:29:23.462+00|2454|870
799|t|2020-09-07 02:44:59.377+00|2020-09-07 02:44:59.386+00|2455|856
800|t|2020-09-07 02:58:36.312+00|2020-09-07 02:58:36.319+00|2734|783
801|t|2020-09-07 03:01:04.168+00|2020-09-07 03:01:04.175+00|2704|1018
802|t|2020-09-07 03:12:07.345+00|2020-09-07 03:12:07.354+00|2575|777
845|t|2020-09-07 11:40:39.108+00|2020-09-07 11:40:39.765+00|2687|887
803|t|2020-09-07 03:12:16.189+00|2020-09-07 03:12:16.197+00|2575|701
888|t|2020-09-07 14:27:21.369+00|2020-09-07 14:27:21.377+00|2391|1040
804|t|2020-09-07 03:12:55.391+00|2020-09-07 03:12:56.278+00|2575|711
846|t|2020-09-07 11:40:39.764+00|2020-09-07 11:40:39.775+00|2687|886
805|t|2020-09-07 03:13:27.456+00|2020-09-07 03:13:27.471+00|2575|660
806|t|2020-09-07 03:18:33.935+00|2020-09-07 03:18:33.944+00|2702|967
807|t|2020-09-07 03:20:14.891+00|2020-09-07 03:20:14.905+00|2702|929
872|t|2020-09-07 12:48:47.176+00|2020-09-07 12:48:47.184+00|2389|211
808|t|2020-09-07 03:21:28.038+00|2020-09-07 03:21:29.832+00|2702|875
847|t|2020-09-07 11:40:43.157+00|2020-09-07 11:40:44.696+00|2687|884
809|t|2020-09-07 03:42:03.654+00|2020-09-07 03:42:03.669+00|2575|697
810|t|2020-09-07 03:42:07.558+00|2020-09-07 03:42:07.567+00|2575|652
848|t|2020-09-07 11:40:44.349+00|2020-09-07 11:40:45.787+00|2687|882
811|t|2020-09-07 03:42:08.775+00|2020-09-07 03:42:08.782+00|2575|756
812|t|2020-09-07 03:53:06.897+00|2020-09-07 03:53:06.912+00|2575|846
813|t|2020-09-07 03:54:06.887+00|2020-09-07 03:54:06.896+00|2610|887
814|t|2020-09-07 04:55:37.47+00|2020-09-07 04:55:37.477+00|2654|973
849|t|2020-09-07 11:40:45.969+00|2020-09-07 11:40:46.933+00|2687|881
815|t|2020-09-07 05:19:20.445+00|2020-09-07 05:19:20.454+00|2701|770
873|t|2020-09-07 12:50:42.373+00|2020-09-07 12:50:42.382+00|2389|896
816|t|2020-09-07 05:44:56.573+00|2020-09-07 05:44:56.583+00|2709|934
850|t|2020-09-07 11:40:46.937+00|2020-09-07 11:40:46.944+00|2687|880
817|t|2020-09-07 05:45:32.737+00|2020-09-07 05:45:32.754+00|2709|870
818|t|2020-09-07 05:45:55.466+00|2020-09-07 05:45:55.487+00|2709|868
819|t|2020-09-07 06:30:06.287+00|2020-09-07 06:30:15.125+00|2541|777
820|t|2020-09-07 07:44:59.521+00|2020-09-07 07:44:59.529+00|2688|1031
821|t|2020-09-07 09:09:19.105+00|2020-09-07 09:09:20.011+00|2750|1030
851|t|2020-09-07 11:40:51.611+00|2020-09-07 11:40:53.619+00|2687|879
822|t|2020-09-07 09:20:48.493+00|2020-09-07 09:20:50.03+00|2543|929
823|t|2020-09-07 09:37:05.894+00|2020-09-07 09:37:05.902+00|2543|652
852|t|2020-09-07 11:40:51.941+00|2020-09-07 11:40:53.701+00|2687|738
824|t|2020-09-07 09:41:54.171+00|2020-09-07 09:41:54.178+00|2750|717
825|t|2020-09-07 09:47:47.519+00|2020-09-07 09:47:47.527+00|2750|1032
874|t|2020-09-07 12:57:39.688+00|2020-09-07 12:57:41.08+00|2389|943
826|t|2020-09-07 09:48:11.748+00|2020-09-07 09:48:15.689+00|2750|916
853|t|2020-09-07 11:40:53.782+00|2020-09-07 11:40:54.479+00|2687|736
827|t|2020-09-07 11:10:27.326+00|2020-09-07 11:10:27.335+00|2691|783
828|t|2020-09-07 11:24:57.722+00|2020-09-07 11:24:57.73+00|2541|660
854|t|2020-09-07 11:40:54.477+00|2020-09-07 11:40:54.5+00|2687|734
829|t|2020-09-07 11:30:32.135+00|2020-09-07 11:30:32.142+00|2541|1034
830|t|2020-09-07 11:30:50.28+00|2020-09-07 11:30:50.288+00|2687|660
831|t|2020-09-07 11:31:50.069+00|2020-09-07 11:31:50.077+00|2541|1032
889|t|2020-09-07 14:31:02.871+00|2020-09-07 14:31:02.887+00|2391|730
832|t|2020-09-07 11:32:02.444+00|2020-09-07 11:32:02.452+00|2687|885
875|t|2020-09-07 13:11:48.832+00|2020-09-07 13:11:48.841+00|2391|1018
833|t|2020-09-07 11:33:56.966+00|2020-09-07 11:33:56.973+00|2541|932
855|t|2020-09-07 11:41:00.135+00|2020-09-07 11:41:01.137+00|2687|588
834|t|2020-09-07 11:35:33.012+00|2020-09-07 11:35:36.113+00|2750|1010
856|t|2020-09-07 11:41:00.135+00|2020-09-07 11:41:01.136+00|2687|730
835|t|2020-09-07 11:37:21.34+00|2020-09-07 11:37:21.361+00|2541|931
836|t|2020-09-07 11:40:17.37+00|2020-09-07 11:40:17.377+00|2687|1042
837|t|2020-09-07 11:40:19.661+00|2020-09-07 11:40:20.709+00|2687|1041
857|t|2020-09-07 11:41:01.154+00|2020-09-07 11:41:01.174+00|2687|587
838|t|2020-09-07 11:40:21.857+00|2020-09-07 11:40:22.792+00|2687|1040
839|t|2020-09-07 11:40:23.813+00|2020-09-07 11:40:24.675+00|2687|1039
840|t|2020-09-07 11:40:25.278+00|2020-09-07 11:40:25.285+00|2687|1038
858|t|2020-09-07 11:42:11.216+00|2020-09-07 11:42:11.229+00|2687|1043
841|t|2020-09-07 11:40:29.232+00|2020-09-07 11:40:29.238+00|2687|891
842|t|2020-09-07 11:40:31.88+00|2020-09-07 11:40:32.532+00|2687|890
876|t|2020-09-07 13:12:46.886+00|2020-09-07 13:12:48.736+00|2543|964
843|t|2020-09-07 11:40:34.932+00|2020-09-07 11:40:36.877+00|2687|889
859|t|2020-09-07 11:51:18.121+00|2020-09-07 11:51:18.385+00|2687|1049
844|t|2020-09-07 11:40:37.308+00|2020-09-07 11:40:39.296+00|2687|888
860|t|2020-09-07 11:51:21.508+00|2020-09-07 11:51:23.151+00|2687|1046
861|t|2020-09-07 11:51:23.521+00|2020-09-07 11:51:24.471+00|2687|1045
877|t|2020-09-07 13:21:55.564+00|2020-09-07 13:21:55.573+00|2391|942
862|t|2020-09-07 11:51:24.98+00|2020-09-07 11:51:24.988+00|2687|1044
863|t|2020-09-07 12:01:49.004+00|2020-09-07 12:01:49.02+00|2541|708
890|t|2020-09-07 14:31:31.12+00|2020-09-07 14:31:31.129+00|2391|577
864|t|2020-09-07 12:01:59.31+00|2020-09-07 12:01:59.318+00|2541|725
865|t|2020-09-07 12:42:39.078+00|2020-09-07 12:42:39.089+00|2389|1036
866|t|2020-09-07 12:44:11.039+00|2020-09-07 12:44:11.054+00|2389|968
899|t|2020-09-07 14:56:57.18+00|2020-09-07 14:56:57.187+00|2620|1077
867|t|2020-09-07 12:44:15.297+00|2020-09-07 12:44:15.307+00|2389|967
879|t|2020-09-07 13:24:46.819+00|2020-09-07 13:24:46.828+00|2391|1032
868|t|2020-09-07 12:45:54.905+00|2020-09-07 12:45:54.914+00|2389|965
869|t|2020-09-07 12:45:57.3+00|2020-09-07 12:45:57.308+00|2389|966
891|t|2020-09-07 14:35:25.869+00|2020-09-07 14:35:25.878+00|2620|996
870|t|2020-09-07 12:48:27.156+00|2020-09-07 12:48:27.163+00|2389|229
880|t|2020-09-07 13:29:10.732+00|2020-09-07 13:29:10.748+00|2391|626
871|t|2020-09-07 12:48:32.83+00|2020-09-07 12:48:32.837+00|2389|213
881|t|2020-09-07 13:37:53.376+00|2020-09-07 13:37:53.385+00|2593|1045
882|t|2020-09-07 14:07:08.056+00|2020-09-07 14:07:09.963+00|2391|562
892|t|2020-09-07 14:37:01.711+00|2020-09-07 14:37:05.018+00|2588|1022
883|t|2020-09-07 14:08:19.791+00|2020-09-07 14:08:19.798+00|2391|427
884|t|2020-09-07 14:12:51.291+00|2020-09-07 14:12:54.969+00|2391|1049
885|t|2020-09-07 14:19:31.328+00|2020-09-07 14:19:34.932+00|2620|999
893|t|2020-09-07 14:37:13.935+00|2020-09-07 14:37:13.943+00|2588|1022
886|t|2020-09-07 14:25:25.517+00|2020-09-07 14:25:25.526+00|2391|1044
887|t|2020-09-07 14:25:46.482+00|2020-09-07 14:25:46.493+00|2391|1043
900|t|2020-09-07 14:57:26.947+00|2020-09-07 14:57:27.996+00|2391|751
894|t|2020-09-07 14:45:16.573+00|2020-09-07 14:45:16.582+00|2391|899
912|t|2020-09-07 15:30:15.649+00|2020-09-07 15:30:17.597+00|2588|976
895|t|2020-09-07 14:51:29.925+00|2020-09-07 14:51:29.934+00|2620|1034
901|t|2020-09-07 15:01:00.225+00|2020-09-07 15:01:00.234+00|2620|595
896|t|2020-09-07 14:55:32.217+00|2020-09-07 14:55:32.226+00|2620|1029
897|t|2020-09-07 14:56:09.371+00|2020-09-07 14:56:10.291+00|2391|966
906|t|2020-09-07 15:20:19.004+00|2020-09-07 15:20:20.51+00|2588|1045
898|t|2020-09-07 14:56:13.175+00|2020-09-07 14:56:13.189+00|2391|965
902|t|2020-09-07 15:01:07.342+00|2020-09-07 15:01:07.353+00|2620|593
910|t|2020-09-07 15:24:04.945+00|2020-09-07 15:24:06.633+00|2588|910
903|t|2020-09-07 15:16:01.076+00|2020-09-07 15:16:02.874+00|2593|995
907|t|2020-09-07 15:20:20.508+00|2020-09-07 15:20:20.519+00|2391|232
904|t|2020-09-07 15:20:01.302+00|2020-09-07 15:20:03.193+00|2588|1045
905|t|2020-09-07 15:20:10.483+00|2020-09-07 15:20:10.492+00|2391|750
908|t|2020-09-07 15:20:25.71+00|2020-09-07 15:20:25.718+00|2391|229
909|t|2020-09-07 15:21:57.097+00|2020-09-07 15:21:58.887+00|2588|1049
911|t|2020-09-07 15:26:14.616+00|2020-09-07 15:26:16.308+00|2391|896
915|t|2020-09-07 15:34:02.295+00|2020-09-07 15:34:04.72+00|2391|771
914|t|2020-09-07 15:33:03.608+00|2020-09-07 15:33:07.533+00|2588|769
916|t|2020-09-07 15:34:39.519+00|2020-09-07 15:34:40.475+00|2391|567
917|t|2020-09-07 15:52:32.814+00|2020-09-07 15:52:33.777+00|2750|1080
918|t|2020-09-07 15:52:39.462+00|2020-09-07 15:52:39.469+00|2750|1079
919|t|2020-09-07 15:56:30.05+00|2020-09-07 15:56:30.058+00|2390|771
920|t|2020-09-07 15:59:48.61+00|2020-09-07 15:59:48.625+00|2390|618
921|t|2020-09-07 16:00:55.564+00|2020-09-07 16:00:55.574+00|2390|620
922|t|2020-09-07 16:01:01.918+00|2020-09-07 16:01:01.925+00|2390|567
923|t|2020-09-07 16:01:36.114+00|2020-09-07 16:01:36.129+00|2390|562
924|t|2020-09-07 16:02:52.276+00|2020-09-07 16:02:52.284+00|2390|493
925|t|2020-09-07 16:03:41.801+00|2020-09-07 16:03:41.809+00|2390|426
926|t|2020-09-07 16:04:18.206+00|2020-09-07 16:04:18.217+00|2390|427
927|t|2020-09-07 17:11:55.105+00|2020-09-07 17:11:57.946+00|2541|721
928|t|2020-09-07 17:27:10.812+00|2020-09-07 17:27:10.824+00|2593|907
929|t|2020-09-07 17:28:03.534+00|2020-09-07 17:28:05.365+00|2593|923
999|t|2020-09-07 22:52:19.966+00|2020-09-07 22:52:21.79+00|2667|929
930|t|2020-09-07 17:45:20.656+00|2020-09-07 17:45:20.666+00|2541|1090
972|t|2020-09-07 21:04:12.115+00|2020-09-07 21:04:12.122+00|2701|999
931|t|2020-09-07 17:45:28.782+00|2020-09-07 17:45:28.79+00|2541|1037
932|t|2020-09-07 18:41:20.138+00|2020-09-07 18:41:20.172+00|2704|1017
933|t|2020-09-07 19:01:29.807+00|2020-09-07 19:01:29.818+00|2620|1032
973|t|2020-09-07 21:09:03.718+00|2020-09-07 21:09:03.732+00|2701|1034
934|t|2020-09-07 19:07:26.339+00|2020-09-07 19:07:28.908+00|2704|1098
935|t|2020-09-07 19:07:39.197+00|2020-09-07 19:07:43.105+00|2704|1097
936|t|2020-09-07 19:08:21.492+00|2020-09-07 19:08:21.498+00|2620|554
974|t|2020-09-07 21:10:24.19+00|2020-09-07 21:10:24.198+00|2655|1094
937|t|2020-09-07 19:09:08.677+00|2020-09-07 19:09:09.757+00|2620|907
938|t|2020-09-07 19:10:23.146+00|2020-09-07 19:10:36.561+00|2704|1099
1000|t|2020-09-07 22:56:42.42+00|2020-09-07 22:56:42.428+00|2390|896
939|t|2020-09-07 19:12:11.148+00|2020-09-07 19:12:16.661+00|2620|796
975|t|2020-09-07 21:42:08.099+00|2020-09-07 21:42:08.108+00|2388|1089
940|t|2020-09-07 19:21:22.022+00|2020-09-07 19:21:22.028+00|2704|935
941|t|2020-09-07 19:43:40.625+00|2020-09-07 19:43:40.639+00|2701|964
942|t|2020-09-07 19:50:23.192+00|2020-09-07 19:50:23.229+00|2387|908
976|t|2020-09-07 21:54:37.611+00|2020-09-07 21:54:38.978+00|2688|1119
943|t|2020-09-07 19:50:25.839+00|2020-09-07 19:50:25.845+00|2387|905
944|t|2020-09-07 19:50:43.069+00|2020-09-07 19:50:43.081+00|2387|747
977|t|2020-09-07 21:54:57.822+00|2020-09-07 21:54:57.828+00|2388|1088
946|t|2020-09-07 19:54:24.705+00|2020-09-07 19:54:24.711+00|2701|996
1001|t|2020-09-07 23:00:20.044+00|2020-09-07 23:00:20.053+00|2390|748
947|t|2020-09-07 19:57:33.449+00|2020-09-07 19:57:33.457+00|2622|1045
978|t|2020-09-07 21:55:04.821+00|2020-09-07 21:55:04.827+00|2388|1085
948|t|2020-09-07 19:58:13.069+00|2020-09-07 19:58:13.076+00|2701|929
949|t|2020-09-07 19:59:36.334+00|2020-09-07 19:59:36.342+00|2622|964
950|t|2020-09-07 20:01:03.838+00|2020-09-07 20:01:03.845+00|2622|1010
979|t|2020-09-07 21:55:09.229+00|2020-09-07 21:55:09.234+00|2388|896
951|t|2020-09-07 20:03:35.157+00|2020-09-07 20:03:44.018+00|2701|900
952|t|2020-09-07 20:27:07.146+00|2020-09-07 20:27:08.042+00|2387|1078
1017|t|2020-09-08 00:45:04.276+00|2020-09-08 00:45:04.284+00|2714|1010
953|t|2020-09-07 20:29:16.66+00|2020-09-07 20:29:16.667+00|2387|911
980|t|2020-09-07 21:55:25.402+00|2020-09-07 21:55:25.408+00|2388|771
954|t|2020-09-07 20:32:12.341+00|2020-09-07 20:32:12.348+00|2387|877
955|t|2020-09-07 20:33:24.583+00|2020-09-07 20:33:26.349+00|2387|874
1002|t|2020-09-07 23:00:23.558+00|2020-09-07 23:00:23.564+00|2390|747
956|t|2020-09-07 20:35:16.715+00|2020-09-07 20:35:20.413+00|2387|873
981|t|2020-09-07 21:55:35.283+00|2020-09-07 21:55:35.289+00|2388|567
957|t|2020-09-07 20:36:37.405+00|2020-09-07 20:36:37.411+00|2387|425
958|t|2020-09-07 20:39:02.577+00|2020-09-07 20:39:02.59+00|2387|871
959|t|2020-09-07 20:39:31.234+00|2020-09-07 20:39:34.324+00|2387|740
982|t|2020-09-07 22:05:35.249+00|2020-09-07 22:05:35.263+00|2388|1032
960|t|2020-09-07 20:39:39.716+00|2020-09-07 20:39:39.732+00|2387|735
961|t|2020-09-07 20:40:50.87+00|2020-09-07 20:40:51.77+00|2387|551
962|t|2020-09-07 20:40:54.382+00|2020-09-07 20:40:54.39+00|2387|726
983|t|2020-09-07 22:10:32.692+00|2020-09-07 22:10:32.707+00|2388|1075
963|t|2020-09-07 20:42:21.99+00|2020-09-07 20:42:23.049+00|2655|883
964|t|2020-09-07 20:43:27.464+00|2020-09-07 20:43:29.204+00|2387|1036
1003|t|2020-09-07 23:00:26.687+00|2020-09-07 23:00:26.693+00|2390|745
965|t|2020-09-07 20:46:34.261+00|2020-09-07 20:46:35.164+00|2387|920
984|t|2020-09-07 22:10:56.198+00|2020-09-07 22:10:56.204+00|2388|1059
967|t|2020-09-07 20:49:23.387+00|2020-09-07 20:49:27.633+00|2387|1011
985|t|2020-09-07 22:17:43.113+00|2020-09-07 22:17:47.818+00|2388|1112
968|t|2020-09-07 20:49:33.314+00|2020-09-07 20:49:34.786+00|2387|1043
969|t|2020-09-07 20:49:33.69+00|2020-09-07 20:49:35.105+00|2701|934
1028|t|2020-09-08 03:30:20.601+00|2020-09-08 03:30:20.617+00|2618|1031
970|t|2020-09-07 20:57:08.709+00|2020-09-07 20:57:08.716+00|2701|945
986|t|2020-09-07 22:25:29.427+00|2020-09-07 22:25:29.433+00|2388|943
971|t|2020-09-07 20:59:33.113+00|2020-09-07 20:59:33.12+00|2388|965
1004|t|2020-09-07 23:00:50.87+00|2020-09-07 23:00:50.879+00|2390|1031
987|t|2020-09-07 22:25:38.422+00|2020-09-07 22:25:38.427+00|2388|1058
988|t|2020-09-07 22:26:13.38+00|2020-09-07 22:26:18.612+00|2388|903
1018|t|2020-09-08 00:54:04.829+00|2020-09-08 00:54:04.846+00|2714|1032
989|t|2020-09-07 22:26:19.29+00|2020-09-07 22:26:21.348+00|2388|901
1005|t|2020-09-07 23:08:39.956+00|2020-09-07 23:08:39.964+00|2703|1119
990|t|2020-09-07 22:28:29.544+00|2020-09-07 22:28:29.551+00|2388|900
991|t|2020-09-07 22:29:51.192+00|2020-09-07 22:29:54.164+00|2388|238
992|t|2020-09-07 22:37:12.548+00|2020-09-07 22:37:16.328+00|2718|1043
1006|t|2020-09-07 23:08:45.159+00|2020-09-07 23:08:45.166+00|2703|1095
993|t|2020-09-07 22:38:56.011+00|2020-09-07 22:38:56.017+00|2718|1017
994|t|2020-09-07 22:42:23.569+00|2020-09-07 22:42:23.575+00|2718|1046
995|t|2020-09-07 22:45:25.739+00|2020-09-07 22:45:25.748+00|2388|564
1007|t|2020-09-07 23:08:48.59+00|2020-09-07 23:08:48.601+00|2703|976
996|t|2020-09-07 22:46:40.807+00|2020-09-07 22:46:43.465+00|2718|1011
1019|t|2020-09-08 00:57:42.716+00|2020-09-08 00:57:42.726+00|2714|1127
1008|t|2020-09-07 23:10:45.117+00|2020-09-07 23:10:45.131+00|2703|1003
998|t|2020-09-07 22:51:05.541+00|2020-09-07 22:51:05.555+00|2390|208
1044|t|2020-09-08 03:56:59.45+00|2020-09-08 03:56:59.457+00|2575|923
1009|t|2020-09-07 23:12:08.789+00|2020-09-07 23:12:11.735+00|2703|1100
1020|t|2020-09-08 01:13:57.198+00|2020-09-08 01:13:57.206+00|2610|996
1010|t|2020-09-07 23:12:25.381+00|2020-09-07 23:12:28.584+00|2703|1008
1011|t|2020-09-07 23:36:16.767+00|2020-09-07 23:36:16.775+00|2575|1110
1029|t|2020-09-08 03:45:04.615+00|2020-09-08 03:45:04.623+00|2575|964
1012|t|2020-09-07 23:37:45.466+00|2020-09-07 23:37:45.48+00|2575|918
1021|t|2020-09-08 01:28:56.86+00|2020-09-08 01:28:56.867+00|2456|1010
1013|t|2020-09-08 00:05:31.54+00|2020-09-08 00:05:31.546+00|2722|964
1014|t|2020-09-08 00:21:09.986+00|2020-09-08 00:21:09.995+00|2575|1045
1015|t|2020-09-08 00:21:30.426+00|2020-09-08 00:21:30.433+00|2575|904
1022|t|2020-09-08 01:42:38.296+00|2020-09-08 01:42:38.303+00|2455|899
1016|t|2020-09-08 00:32:33.918+00|2020-09-08 00:32:34.827+00|2714|1045
1035|t|2020-09-08 03:54:49.98+00|2020-09-08 03:54:51.016+00|2575|945
1023|t|2020-09-08 01:48:14.181+00|2020-09-08 01:48:14.188+00|2454|1010
1030|t|2020-09-08 03:46:13.569+00|2020-09-08 03:46:13.576+00|2575|1010
1024|t|2020-09-08 01:49:18.964+00|2020-09-08 01:49:18.973+00|2454|1011
1025|t|2020-09-08 01:50:27.312+00|2020-09-08 01:50:27.321+00|2454|1031
1026|t|2020-09-08 01:50:57.721+00|2020-09-08 01:50:57.728+00|2454|904
1031|t|2020-09-08 03:47:23.913+00|2020-09-08 03:47:23.922+00|2575|1032
1027|t|2020-09-08 01:59:54.039+00|2020-09-08 01:59:54.049+00|2457|1032
1038|t|2020-09-08 03:56:13.6+00|2020-09-08 03:56:13.607+00|2575|1031
1032|t|2020-09-08 03:47:58.773+00|2020-09-08 03:47:58.782+00|2575|899
1033|t|2020-09-08 03:49:03.053+00|2020-09-08 03:49:07.054+00|2575|929
1041|t|2020-09-08 03:56:38.046+00|2020-09-08 03:56:38.053+00|2575|1017
1034|t|2020-09-08 03:49:28.203+00|2020-09-08 03:49:46.689+00|2575|929
1036|t|2020-09-08 03:55:10.391+00|2020-09-08 03:55:12.632+00|2575|920
1039|t|2020-09-08 03:56:18.958+00|2020-09-08 03:56:18.964+00|2575|1043
1037|t|2020-09-08 03:55:21.083+00|2020-09-08 03:55:26.05+00|2575|1034
1040|t|2020-09-08 03:56:31.807+00|2020-09-08 03:56:31.822+00|2575|907
1043|t|2020-09-08 03:56:58.01+00|2020-09-08 03:56:58.019+00|2575|934
1042|t|2020-09-08 03:56:40.701+00|2020-09-08 03:56:40.754+00|2575|1011
1045|t|2020-09-08 05:20:21.859+00|2020-09-08 05:20:40.494+00|2541|767
1046|t|2020-09-08 05:25:38.099+00|2020-09-08 05:25:38.107+00|2654|1125
1047|t|2020-09-08 05:39:56.06+00|2020-09-08 05:39:56.066+00|2722|1043
1048|t|2020-09-08 05:41:50.687+00|2020-09-08 05:41:50.692+00|2722|934
1049|t|2020-09-08 06:46:45.024+00|2020-09-08 06:46:45.03+00|2722|1031
1050|t|2020-09-08 07:22:13.739+00|2020-09-08 07:22:13.747+00|2620|1106
1051|t|2020-09-08 07:37:38.427+00|2020-09-08 07:37:38.433+00|2620|1140
1053|t|2020-09-08 11:13:13.538+00|2020-09-08 11:13:13.964+00|2390|917
1054|t|2020-09-08 11:23:58.07+00|2020-09-08 11:23:58.081+00|2390|1036
1055|t|2020-09-08 11:24:12.501+00|2020-09-08 11:24:12.509+00|2390|966
1056|t|2020-09-08 11:24:15.062+00|2020-09-08 11:24:15.069+00|2390|967
1057|t|2020-09-08 11:24:19.338+00|2020-09-08 11:24:19.346+00|2390|965
1058|t|2020-09-08 11:25:08.092+00|2020-09-08 11:25:08.101+00|2390|751
1059|t|2020-09-08 11:26:11.604+00|2020-09-08 11:26:11.612+00|2390|231
1060|t|2020-09-08 11:26:46.354+00|2020-09-08 11:26:46.362+00|2390|229
1061|t|2020-09-08 11:26:56.184+00|2020-09-08 11:26:56.208+00|2390|213
1062|t|2020-09-08 11:27:06.862+00|2020-09-08 11:27:06.891+00|2390|211
1063|t|2020-09-08 11:28:31.587+00|2020-09-08 11:28:31.597+00|2390|1108
1064|t|2020-09-08 11:29:22.332+00|2020-09-08 11:29:22.34+00|2390|908
1065|t|2020-09-08 11:30:39.944+00|2020-09-08 11:30:39.953+00|2390|905
1066|t|2020-09-08 11:31:50.323+00|2020-09-08 11:31:50.331+00|2390|636
1067|t|2020-09-08 11:33:00.435+00|2020-09-08 11:33:00.451+00|2390|416
1068|t|2020-09-08 11:33:02.673+00|2020-09-08 11:33:02.701+00|2390|413
1069|t|2020-09-08 11:33:05.899+00|2020-09-08 11:33:07.688+00|2390|412
1070|t|2020-09-08 11:35:33.934+00|2020-09-08 11:35:33.943+00|2577|1064
1071|t|2020-09-08 11:36:53.356+00|2020-09-08 11:36:53.477+00|2390|1058
1072|t|2020-09-08 11:37:05.09+00|2020-09-08 11:37:05.097+00|2390|943
1073|t|2020-09-08 11:37:13.087+00|2020-09-08 11:37:15.146+00|2390|942
1074|t|2020-09-08 11:38:42.204+00|2020-09-08 11:38:42.213+00|2577|964
1075|t|2020-09-08 11:38:57.274+00|2020-09-08 11:38:57.283+00|2390|901
1076|t|2020-09-08 11:39:12.396+00|2020-09-08 11:39:12.403+00|2390|900
1077|t|2020-09-08 11:39:20.068+00|2020-09-08 11:39:20.075+00|2390|898
1078|t|2020-09-08 11:39:44.916+00|2020-09-08 11:39:46.828+00|2390|809
1079|t|2020-09-08 11:39:48.989+00|2020-09-08 11:39:48.996+00|2390|564
1080|t|2020-09-08 11:39:58.404+00|2020-09-08 11:40:00.124+00|2390|563
1081|t|2020-09-08 11:41:04.284+00|2020-09-08 11:41:07.906+00|2390|215
1082|t|2020-09-08 11:41:09.855+00|2020-09-08 11:41:12.532+00|2390|216
1083|t|2020-09-08 11:41:17.21+00|2020-09-08 11:41:20.385+00|2390|223
1084|t|2020-09-08 11:41:25.61+00|2020-09-08 11:41:27.19+00|2390|225
1085|t|2020-09-08 11:41:26.459+00|2020-09-08 11:41:28.55+00|2390|238
1086|t|2020-09-08 11:41:26.459+00|2020-09-08 11:41:29.374+00|2577|1032
1087|t|2020-09-08 11:44:07.093+00|2020-09-08 11:44:07.11+00|2577|907
1088|t|2020-09-08 11:44:13.531+00|2020-09-08 11:44:13.539+00|2577|995
1089|t|2020-09-08 11:58:23.664+00|2020-09-08 11:58:23.68+00|2390|903
1090|t|2020-09-08 15:10:53.894+00|2020-09-08 15:10:53.911+00|2703|1159
1091|t|2020-09-08 15:24:08.819+00|2020-09-08 15:24:12.349+00|2703|1045
1092|t|2020-09-08 15:35:13.304+00|2020-09-08 15:35:13.319+00|2575|1036
1093|t|2020-09-08 15:46:02.182+00|2020-09-08 15:46:02.197+00|2575|1046
1094|t|2020-09-08 15:46:22.553+00|2020-09-08 15:46:22.571+00|2575|1042
1095|t|2020-09-08 16:12:55.093+00|2020-09-08 16:12:55.101+00|2622|1031
1096|t|2020-09-08 16:13:57.817+00|2020-09-08 16:13:57.841+00|2709|1090
1097|t|2020-09-08 17:02:43.273+00|2020-09-08 17:02:43.289+00|2709|1030
1098|t|2020-09-08 18:25:49.601+00|2020-09-08 18:25:52.514+00|2622|1017
